e.emp_id,e.name,e.job_role,e.salary,e.project,e.join_date,d.department_name,d.location
7,Alexandra Harris,Developer,88439.0,Project3,1996-11-22,Finance,Chicago
9,Jordan Wilson,Analyst,46869.79,Gamma,2007-05-15,Finance,Chicago
10,James Wright,Engineer,122584.26,Alpha,2011-07-05,Finance,Chicago
11,Justin Calhoun,Manager,122775.98,Project1,2023-07-14,Finance,Chicago
13,Benjamin Rodriguez,Consultant,58699.67,Alpha,2019-03-01,Finance,Chicago
18,William Taylor,Developer,84772.77,Omega,1989-08-16,Finance,Chicago
24,Bonnie Wilson,Manager,74271.39,Project4,1983-07-05,Finance,Chicago
37,Colleen Hanson,Analyst,122550.4,Delta,1988-09-05,Finance,Chicago
45,Thomas Hester,Consultant,70787.88,Project3,1988-03-05,Finance,Chicago
59,Melissa Donaldson,Analyst,136798.01,Project5,2016-02-29,Finance,Chicago
63,Jacob Sparks,Manager,98240.99,Project5,1983-12-11,Finance,Chicago
69,Melanie Mcdowell,Consultant,139284.14,Omega,1998-03-06,Finance,Chicago
71,Beverly Stevenson,Developer,135918.76,Project3,1972-03-15,Finance,Chicago
72,Elizabeth Simon,Engineer,139333.67,Gamma,1998-02-17,Finance,Chicago
74,Gwendolyn Wiggins,Manager,141987.08,Gamma,2011-03-04,Finance,Chicago
77,Christopher Castillo,Manager,132692.62,Project5,1977-03-21,Finance,Chicago
81,Laurie Robertson,Analyst,132606.49,Project6,2007-06-08,Finance,Chicago
91,Wendy Doyle,Manager,94155.2,Project2,2001-10-30,Finance,Chicago
101,Jessica Baldwin,Developer,96892.3,Project2,1997-07-22,Finance,Chicago
106,Thomas Jones,Manager,93478.52,Project2,1993-09-20,Finance,Chicago
107,Julia Foster,Manager,50757.16,Project6,1991-10-12,Finance,Chicago
109,Daniel Garcia,Consultant,79394.04,Project4,1994-02-27,Finance,Chicago
116,Renee Quinn,Developer,96343.3,Project3,2014-01-16,Finance,Chicago
121,Ashley Burke,Developer,74290.74,Project5,2017-04-01,Finance,Chicago
124,Katherine Barton,Consultant,48997.58,Alpha,2024-04-20,Finance,Chicago
126,James Gallegos,Developer,104549.75,Project1,1982-05-02,Finance,Chicago
127,Robert Gibson,Engineer,62765.86,Project2,2011-05-03,Finance,Chicago
130,Mark Anderson,Engineer,97175.73,Project2,1979-09-05,Finance,Chicago
131,Stephanie Herring,Manager,42923.37,Alpha,1997-03-02,Finance,Chicago
135,Kevin Ward,Developer,145667.19,Project2,1993-04-22,Finance,Chicago
141,Anthony Hoffman,Analyst,117850.27,Project1,2002-09-30,Finance,Chicago
145,Sean Cox,Manager,120516.62,Beta,2018-03-03,Finance,Chicago
147,Jessica Hull,Manager,100164.15,Project5,2016-02-29,Finance,Chicago
149,Pamela May,Analyst,46947.62,Project1,2013-04-13,Finance,Chicago
152,Michele Johnson,Analyst,76826.01,Delta,2000-06-21,Finance,Chicago
154,Michael Martin,Consultant,59083.4,Project2,1984-12-31,Finance,Chicago
158,Timothy Flores,Analyst,108801.03,Project1,2007-04-30,Finance,Chicago
159,Darryl Flynn,Developer,117932.35,Project5,1970-01-07,Finance,Chicago
163,Anthony Vasquez,Developer,43804.35,Delta,2001-10-17,Finance,Chicago
168,Audrey Fitzpatrick,Consultant,146298.16,Project1,1977-01-21,Finance,Chicago
170,Lori Cortez DDS,Manager,72084.7,Project6,1987-04-24,Finance,Chicago
173,John Norman,Analyst,56839.48,Project4,1991-08-25,Finance,Chicago
176,Dana Carpenter,Manager,112201.03,Gamma,2016-06-05,Finance,Chicago
179,Wanda Carrillo,Analyst,85188.94,Alpha,1977-05-31,Finance,Chicago
182,Victoria Norris,Analyst,91195.63,Beta,1983-01-05,Finance,Chicago
184,Shawn Johnson,Engineer,93839.86,Project4,2024-11-15,Finance,Chicago
187,Christina Garza,Developer,74072.01,Omega,2004-11-25,Finance,Chicago
197,Miss Karen Larson MD,Consultant,65533.58,Project1,1991-04-26,Finance,Chicago
207,Cheryl Williams,Developer,48537.66,Alpha,1984-11-08,Finance,Chicago
209,Kimberly Miller,Engineer,143561.32,Project3,2005-01-04,Finance,Chicago
210,Carmen Moran,Developer,90609.12,Omega,2002-11-09,Finance,Chicago
215,Wayne Harris,Consultant,75634.79,Project2,2019-01-17,Finance,Chicago
219,Jason Neal,Developer,109260.12,Project1,1982-11-26,Finance,Chicago
222,Ashley Ellison,Analyst,91018.93,Beta,1988-05-17,Finance,Chicago
224,Sean Miller,Developer,147585.99,Project5,2000-04-08,Finance,Chicago
227,Jenna Kennedy,Consultant,54951.17,Project1,1999-01-28,Finance,Chicago
228,Paul Galloway,Developer,104740.45,Project4,1998-12-11,Finance,Chicago
231,David Navarro,Manager,145335.81,Omega,2011-11-29,Finance,Chicago
247,Jeremy Cortez,Developer,110938.61,Project1,1984-07-14,Finance,Chicago
253,Cynthia Fischer,Engineer,79106.0,Alpha,2014-12-29,Finance,Chicago
254,Kevin Wong,Engineer,60311.48,Alpha,2019-02-26,Finance,Chicago
260,Daniel Martin,Manager,119742.82,Omega,2005-10-26,Finance,Chicago
267,Linda Butler,Engineer,100518.12,Project6,1987-12-05,Finance,Chicago
276,Alexis Maynard,Analyst,94788.75,Omega,1998-11-16,Finance,Chicago
285,Brett Bell,Analyst,81637.33,Gamma,2012-09-28,Finance,Chicago
287,Tiffany Hart,Consultant,56872.01,Project3,1988-09-07,Finance,Chicago
289,Andrew Stark,Engineer,145783.52,Project3,2000-08-21,Finance,Chicago
293,Rebecca Blankenship,Engineer,147520.92,Alpha,1995-04-02,Finance,Chicago
306,Kelly Weber,Analyst,149707.46,Delta,1970-07-26,Finance,Chicago
307,Tracy Higgins,Consultant,135075.9,Gamma,2021-06-09,Finance,Chicago
309,Nicholas Kane,Developer,122098.31,Project4,2016-09-02,Finance,Chicago
319,Diane Barry,Analyst,110483.42,Omega,2020-08-02,Finance,Chicago
328,Juan Sanchez,Analyst,53728.65,Alpha,2020-03-09,Finance,Chicago
330,Mitchell Williams,Engineer,66475.31,Alpha,2024-11-15,Finance,Chicago
342,Mary Harris,Developer,52582.24,Project5,2010-12-03,Finance,Chicago
350,Joshua Hansen,Analyst,53008.76,Beta,1980-06-13,Finance,Chicago
351,Janet Mcdonald,Developer,139833.07,Delta,1981-07-01,Finance,Chicago
362,Kim Leach,Consultant,79629.51,Project2,1985-02-10,Finance,Chicago
363,Rebecca Moore,Manager,141133.06,Project2,1987-04-27,Finance,Chicago
365,Mrs. Paula Wright PhD,Analyst,52624.0,Beta,1971-02-21,Finance,Chicago
368,Colton Jones,Analyst,53031.45,Alpha,1995-04-01,Finance,Chicago
370,Brian Nelson,Engineer,127605.08,Project2,2022-08-10,Finance,Chicago
373,Alexis Wiggins,Developer,146369.77,Project3,2004-07-18,Finance,Chicago
394,Vicki Hood,Manager,64918.75,Gamma,2000-02-24,Finance,Chicago
398,Robert Rivera,Analyst,108203.92,Project3,1997-08-30,Finance,Chicago
401,William Young,Developer,74063.58,Beta,2003-05-08,Finance,Chicago
402,Stephanie Walters,Developer,53180.45,Alpha,2013-04-28,Finance,Chicago
403,Norman Roberts,Manager,41455.27,Project3,1976-01-17,Finance,Chicago
406,Matthew Romero,Engineer,42059.0,Project6,2007-08-30,Finance,Chicago
415,Richard Montgomery,Developer,72973.14,Gamma,2001-04-18,Finance,Chicago
419,Brendan Davis,Analyst,63481.94,Gamma,1977-05-07,Finance,Chicago
421,Tristan Thomas,Analyst,86285.23,Gamma,1998-06-28,Finance,Chicago
435,Mark Rodriguez MD,Consultant,50351.47,Project4,2024-07-29,Finance,Chicago
438,Rhonda Ramsey,Consultant,140685.47,Beta,2009-07-17,Finance,Chicago
449,Jacob Horton,Developer,99445.61,Project4,1979-09-14,Finance,Chicago
469,Daniel Williams,Consultant,137453.16,Project4,2014-07-22,Finance,Chicago
476,Laura Munoz,Developer,87675.77,Project2,2022-02-14,Finance,Chicago
477,Theresa Johnson,Analyst,148784.86,Beta,2022-03-30,Finance,Chicago
480,Monica Castro,Consultant,65716.66,Delta,2019-11-07,Finance,Chicago
493,Barbara Jackson,Consultant,77241.11,Project3,2000-08-07,Finance,Chicago
502,Daniel Brown,Consultant,100415.76,Project3,1979-11-08,Finance,Chicago
509,Jacob Baker,Manager,103514.33,Project5,2022-05-17,Finance,Chicago
515,Amy Bautista,Engineer,130720.07,Project1,2011-02-23,Finance,Chicago
516,Megan Thomas,Developer,61461.04,Gamma,2020-01-15,Finance,Chicago
523,Paul Martinez,Manager,143248.45,Gamma,1998-11-01,Finance,Chicago
547,Joseph Thompson,Manager,76591.9,Project5,2021-01-13,Finance,Chicago
550,Kelly Mccoy,Engineer,104002.5,Project2,2019-05-01,Finance,Chicago
554,Timothy Salazar,Developer,56962.47,Project2,1991-01-30,Finance,Chicago
560,Susan George,Developer,46810.26,Alpha,2017-01-06,Finance,Chicago
562,Brady Cook,Consultant,41060.44,Project3,2010-01-18,Finance,Chicago
573,Christina Jordan,Analyst,147233.77,Project1,2005-07-01,Finance,Chicago
578,James Price,Manager,71199.65,Project4,1978-03-09,Finance,Chicago
580,Lauren Davis,Engineer,92993.03,Project1,2019-11-20,Finance,Chicago
591,Michael Melton,Developer,110409.91,Project5,1970-10-01,Finance,Chicago
592,Latoya Landry,Developer,116957.36,Project4,2010-01-11,Finance,Chicago
597,Tamara Miller,Engineer,119183.09,Gamma,1984-03-14,Finance,Chicago
602,Dr. Tanner Henderson,Developer,57717.42,Gamma,2016-09-20,Finance,Chicago
603,Amber Solomon,Developer,42192.65,Project1,1985-02-07,Finance,Chicago
607,Cindy Clark,Consultant,135664.27,Delta,1998-12-17,Finance,Chicago
608,Damon Stone,Manager,58078.21,Project2,1990-01-24,Finance,Chicago
609,Bradley Oliver,Consultant,149303.02,Alpha,2003-04-07,Finance,Chicago
611,Christopher Taylor,Consultant,84358.2,Project4,2005-07-05,Finance,Chicago
616,Pamela Caldwell,Engineer,115528.92,Project4,2015-04-02,Finance,Chicago
630,Mark Brooks,Engineer,125101.11,Gamma,2005-08-07,Finance,Chicago
638,Joel Rodriguez,Developer,147456.95,Omega,2014-03-30,Finance,Chicago
639,Maria Johnson,Developer,146543.44,Project4,1979-06-20,Finance,Chicago
642,Shelby Stein,Analyst,68333.99,Omega,1971-09-20,Finance,Chicago
643,Maurice Scott,Developer,120291.58,Project6,2014-02-10,Finance,Chicago
644,Shawn Castillo,Developer,63009.64,Beta,1977-12-11,Finance,Chicago
651,Ashley Watts,Analyst,89011.12,Project1,2014-02-20,Finance,Chicago
661,Frances Mercado,Developer,137117.42,Delta,1976-11-25,Finance,Chicago
664,Wanda Wilson,Engineer,115407.58,Delta,1984-05-13,Finance,Chicago
665,Rita Johnston,Manager,88688.59,Gamma,1984-11-15,Finance,Chicago
674,David Martinez,Manager,127843.37,Project3,2010-08-05,Finance,Chicago
677,Karen Flores,Analyst,72688.7,Omega,2014-04-03,Finance,Chicago
681,John Horton,Consultant,72195.04,Beta,1998-11-08,Finance,Chicago
687,Susan Gomez,Analyst,148959.83,Gamma,1989-02-05,Finance,Chicago
688,Tina James,Developer,67096.08,Alpha,1976-08-16,Finance,Chicago
700,Eugene Blair,Analyst,116654.56,Alpha,1976-07-29,Finance,Chicago
701,Paul Carrillo,Engineer,132995.58,Project5,1970-02-10,Finance,Chicago
705,Michael Smith,Developer,147513.96,Gamma,1992-10-13,Finance,Chicago
710,Logan Houston,Manager,80380.31,Project3,2014-04-10,Finance,Chicago
725,Timothy Grant,Analyst,82953.97,Omega,2013-12-17,Finance,Chicago
727,Eric Wheeler,Consultant,93278.15,Delta,1973-05-13,Finance,Chicago
734,Jose Martinez,Engineer,100737.88,Alpha,1976-12-05,Finance,Chicago
737,Jonathan English,Engineer,43835.5,Alpha,1977-05-02,Finance,Chicago
741,Noah Smith,Developer,127384.41,Project1,1996-04-27,Finance,Chicago
744,Laura Matthews,Manager,88380.17,Project3,2005-09-07,Finance,Chicago
750,Emily Morris,Consultant,53370.86,Alpha,2009-10-08,Finance,Chicago
756,Sharon Martinez,Analyst,96764.98,Alpha,1995-05-03,Finance,Chicago
757,Gregory Parsons,Analyst,65166.6,Beta,1991-04-25,Finance,Chicago
760,Dawn Boyd,Manager,97030.53,Project1,1980-03-07,Finance,Chicago
763,Jeffrey Olson,Engineer,43212.56,Beta,1970-05-11,Finance,Chicago
767,Ryan Mcguire,Consultant,59831.9,Alpha,1976-11-18,Finance,Chicago
770,Christopher Sawyer,Manager,92257.76,Project4,1972-02-14,Finance,Chicago
788,Jason Rodriguez,Developer,100542.92,Project5,1996-04-24,Finance,Chicago
793,Adam Gomez,Consultant,55362.4,Beta,1977-09-20,Finance,Chicago
796,Cindy Robinson,Engineer,50713.62,Project2,1970-06-22,Finance,Chicago
798,Debbie Gray,Analyst,149471.43,Omega,2002-08-18,Finance,Chicago
799,Robert Perry,Analyst,113610.8,Delta,2004-04-30,Finance,Chicago
801,Jacqueline Gonzalez,Consultant,63059.04,Project5,2022-12-25,Finance,Chicago
802,Samuel Miller,Engineer,84626.06,Project3,1989-09-24,Finance,Chicago
808,Julie Hull,Developer,67098.21,Project5,1987-10-27,Finance,Chicago
809,Elizabeth Koch,Manager,43059.28,Project1,2015-08-02,Finance,Chicago
811,Anthony Anderson,Consultant,79784.7,Project3,1977-02-22,Finance,Chicago
813,Catherine King,Consultant,54064.68,Project3,1995-11-13,Finance,Chicago
815,Jordan Oliver,Analyst,100161.09,Project3,1987-02-09,Finance,Chicago
825,James Peterson,Consultant,134006.51,Beta,1992-06-06,Finance,Chicago
832,Brenda Hill,Developer,67009.61,Project1,2001-04-26,Finance,Chicago
833,Angela Davis,Engineer,120069.14,Gamma,2017-10-26,Finance,Chicago
837,Steven Charles,Manager,75635.09,Beta,2020-10-24,Finance,Chicago
849,Latoya Fernandez,Developer,44947.13,Project6,1990-09-29,Finance,Chicago
854,William Diaz,Consultant,143437.48,Project3,1988-01-24,Finance,Chicago
870,Charles Rangel,Manager,146505.67,Delta,1974-03-21,Finance,Chicago
874,Richard Brown,Manager,75780.47,Alpha,1979-06-04,Finance,Chicago
881,Tracy Townsend,Manager,130588.28,Project3,2015-05-20,Finance,Chicago
887,Samantha Davis,Manager,115280.11,Project3,2006-07-26,Finance,Chicago
903,Brandon Patel,Analyst,63432.31,Delta,2000-09-07,Finance,Chicago
908,Dalton Davis,Consultant,63939.55,Alpha,1980-10-31,Finance,Chicago
910,Dana Anderson,Analyst,125160.16,Project5,1992-12-27,Finance,Chicago
918,Matthew Evans,Manager,138769.12,Omega,2011-09-14,Finance,Chicago
920,Monica Johnson,Analyst,94085.36,Beta,1999-03-07,Finance,Chicago
924,Amy Rodriguez,Manager,113027.49,Alpha,2007-01-23,Finance,Chicago
926,Dawn Johnson,Developer,72553.79,Gamma,1989-06-06,Finance,Chicago
929,Joseph Schroeder,Consultant,102353.01,Project4,1974-12-26,Finance,Chicago
932,David Perez,Manager,64523.48,Omega,1996-12-01,Finance,Chicago
936,Ryan Nunez,Consultant,108732.75,Project6,1971-02-01,Finance,Chicago
940,Cody Mcfarland,Developer,103044.29,Delta,1970-09-29,Finance,Chicago
947,Nicholas Taylor,Analyst,57019.99,Omega,1984-09-20,Finance,Chicago
952,Neil Hunt,Analyst,67980.27,Project1,1990-01-16,Finance,Chicago
959,Steven Hendrix,Analyst,81565.22,Beta,2008-06-21,Finance,Chicago
967,Summer Ali,Engineer,138101.07,Beta,2006-08-28,Finance,Chicago
969,Mark Casey,Engineer,74262.16,Project1,1988-11-29,Finance,Chicago
974,Steven Frederick,Developer,45633.37,Project4,1974-10-05,Finance,Chicago
976,Jeffrey Castillo,Manager,149613.81,Delta,1983-10-26,Finance,Chicago
984,Mary Russo,Manager,50340.44,Gamma,1996-08-11,Finance,Chicago
986,Ashley Jackson,Consultant,144794.04,Project5,2008-03-31,Finance,Chicago
991,Michael Morrison,Developer,49752.66,Project1,2005-01-03,Finance,Chicago
994,Steven Wilcox,Engineer,56844.52,Project1,2020-05-02,Finance,Chicago
996,Michele Obrien,Engineer,100661.2,Project4,2007-08-25,Finance,Chicago
4,Jordan Dean,Consultant,69211.43,Alpha,1973-03-11,HR,New York
5,Tom Hart,Manager,125253.74,Project2,1976-11-02,HR,New York
16,Andrea Duffy,Engineer,136842.48,Project3,2001-06-23,HR,New York
19,Jenny Schmitt,Manager,60820.3,Project2,2011-10-07,HR,New York
26,Lisa Molina,Analyst,78853.88,Omega,1992-06-15,HR,New York
30,Gregory Brown,Engineer,148323.7,Beta,1991-04-22,HR,New York
35,Jose Shaw,Analyst,130801.9,Project5,1983-09-25,HR,New York
36,John Gray,Manager,59921.05,Gamma,1977-07-09,HR,New York
41,Kimberly Ritter,Developer,77943.92,Beta,2017-05-26,HR,New York
47,Kathleen Armstrong,Developer,48731.23,Project4,1972-11-28,HR,New York
53,Mr. Justin Garcia,Engineer,97882.86,Project4,1978-01-20,HR,New York
60,Zachary Stephens,Consultant,113619.31,Delta,2009-09-06,HR,New York
62,Natalie Rivera,Analyst,94603.54,Project5,2000-01-05,HR,New York
65,George Neal,Consultant,142513.83,Project5,1989-01-31,HR,New York
68,Tim Thomas,Engineer,48312.63,Delta,2010-06-21,HR,New York
73,Megan Ramos,Engineer,95597.78,Omega,2009-06-11,HR,New York
78,Jesse Jackson,Developer,117432.18,Beta,2004-03-13,HR,New York
85,David Mcbride,Analyst,62832.93,Delta,1986-11-05,HR,New York
88,Sarah Tyler,Consultant,54858.49,Gamma,2022-06-08,HR,New York
89,David Rogers,Engineer,57912.13,Omega,2019-02-13,HR,New York
92,Denise Waters,Engineer,89182.48,Project1,2022-08-28,HR,New York
97,Stephanie Carter,Manager,124430.39,Project5,2019-06-01,HR,New York
100,Joshua Hernandez,Analyst,47927.55,Project6,1995-06-08,HR,New York
122,Emily Cervantes,Consultant,82581.35,Project1,1973-04-22,HR,New York
128,Richard Yang,Engineer,58543.56,Project6,1970-01-27,HR,New York
129,Laura Brown,Engineer,134286.78,Project2,2004-03-12,HR,New York
132,Eric Harris,Engineer,106303.57,Beta,2010-10-13,HR,New York
133,Kimberly Ramirez,Developer,141440.09,Project6,2024-10-25,HR,New York
137,Craig Moore,Developer,99885.43,Project5,2020-03-01,HR,New York
140,James Hawkins,Developer,140037.94,Project4,1982-05-14,HR,New York
143,Rebecca Carter,Developer,64090.59,Project3,1986-03-07,HR,New York
155,Christina Erickson,Developer,129088.92,Project2,2023-05-05,HR,New York
164,Angela Carter,Developer,103247.61,Gamma,1981-08-25,HR,New York
167,Christopher Howard,Engineer,129730.32,Beta,2015-07-14,HR,New York
186,Rachel Gonzalez,Engineer,83544.93,Project6,1970-08-09,HR,New York
208,Sarah Barrett,Consultant,79360.66,Project5,1977-09-10,HR,New York
212,Robert West,Analyst,104538.37,Project3,2006-03-01,HR,New York
213,Mariah Wilkinson MD,Analyst,128020.36,Project6,2020-03-08,HR,New York
214,Joshua Fitzgerald,Engineer,118567.19,Project2,1982-05-15,HR,New York
218,Jennifer Mcbride,Manager,138197.78,Project4,2003-11-08,HR,New York
225,Jennifer Riggs,Engineer,81705.51,Project4,2019-09-05,HR,New York
226,Elizabeth Wagner,Engineer,121559.54,Project4,1975-05-18,HR,New York
233,Carl Fisher,Engineer,95835.87,Beta,2001-12-13,HR,New York
234,Rhonda Jones,Manager,148521.96,Project1,1990-05-03,HR,New York
235,Rodney Aguilar,Developer,144413.91,Delta,1975-10-02,HR,New York
236,Jason Garcia,Developer,129472.33,Project1,2014-02-23,HR,New York
237,Kathryn Johnson,Manager,120162.58,Project1,1993-12-08,HR,New York
238,Julia Hammond,Consultant,139263.28,Project6,1978-03-30,HR,New York
239,Alexandra George,Analyst,142086.17,Omega,2022-09-16,HR,New York
241,Michael Clements,Consultant,53577.93,Project1,1995-11-13,HR,New York
243,Regina Nicholson,Manager,79226.2,Gamma,2015-12-29,HR,New York
245,Anthony Mckenzie,Developer,75304.74,Project6,1990-03-06,HR,New York
250,Shane Davis,Developer,138616.64,Beta,2015-10-30,HR,New York
255,Andrew Forbes,Analyst,124688.88,Project3,1987-01-09,HR,New York
263,Alan Taylor,Analyst,55320.85,Delta,1985-01-12,HR,New York
266,Jessica Chavez,Analyst,123700.48,Project5,1994-09-03,HR,New York
280,David Miller,Engineer,51861.62,Project2,1983-01-16,HR,New York
282,Edward Jenkins,Manager,94819.25,Project1,1981-06-03,HR,New York
291,Anthony Evans,Developer,114057.8,Project3,2013-10-15,HR,New York
300,Charles Meyer,Engineer,50390.67,Alpha,1974-10-10,HR,New York
301,Andrea Washington,Engineer,132643.44,Alpha,1983-06-29,HR,New York
303,Bonnie Berger,Engineer,44084.84,Alpha,2022-02-27,HR,New York
313,Robert Hernandez,Engineer,119851.65,Gamma,2022-08-16,HR,New York
324,Corey Bates,Analyst,103966.31,Gamma,1995-04-28,HR,New York
327,Patrick Watson,Developer,95891.84,Project4,1977-09-02,HR,New York
333,Brittany Harper,Developer,78681.44,Omega,2008-10-24,HR,New York
336,Laura Cervantes,Analyst,57325.37,Project6,2008-10-30,HR,New York
337,Edward Simon,Manager,64627.85,Delta,1973-03-16,HR,New York
339,Kathy Harrell,Engineer,135861.12,Alpha,2016-10-20,HR,New York
347,Felicia Martin,Consultant,103513.37,Project5,1998-02-09,HR,New York
349,Lauren Thomas,Engineer,131316.47,Project1,2019-06-04,HR,New York
353,Micheal Cisneros,Manager,105743.89,Omega,2006-06-23,HR,New York
356,Pamela Thomas,Analyst,147578.0,Alpha,2000-11-30,HR,New York
360,Julie Martin,Consultant,135019.46,Gamma,1985-04-11,HR,New York
369,Alicia Sullivan,Consultant,115735.68,Project3,2015-02-25,HR,New York
374,Courtney Brown,Manager,41702.68,Omega,2020-07-02,HR,New York
378,Justin Howard,Consultant,115896.16,Project3,1971-10-02,HR,New York
383,Alicia Santiago,Consultant,44745.5,Delta,1977-04-13,HR,New York
386,Jill Graham,Manager,123625.83,Beta,2019-08-30,HR,New York
387,Ryan Alexander,Developer,105729.17,Omega,1988-03-02,HR,New York
389,Robert Andrews,Analyst,118030.92,Project6,2012-05-25,HR,New York
391,Danielle Pierce,Engineer,142621.56,Omega,2009-01-11,HR,New York
393,Cynthia Durham,Developer,138460.19,Project1,2002-11-02,HR,New York
399,Dr. Sandra Wallace,Analyst,74284.38,Project4,1975-02-10,HR,New York
404,Paul Reynolds,Manager,117464.58,Project1,2004-06-15,HR,New York
405,Ryan Bentley,Manager,78413.9,Gamma,1975-09-11,HR,New York
407,Darrell Ray,Manager,70415.58,Gamma,2001-07-03,HR,New York
410,Nicholas Floyd,Engineer,111768.03,Alpha,1988-12-05,HR,New York
418,Rachel Hill,Analyst,83108.15,Omega,1977-04-05,HR,New York
423,Edward Fisher III,Analyst,83987.25,Project3,2021-10-24,HR,New York
426,Elizabeth Powell,Developer,145625.8,Project1,1988-09-02,HR,New York
430,Jeanette Bradford,Developer,79787.69,Beta,2008-01-07,HR,New York
433,Thomas Hernandez,Engineer,48426.25,Project1,2012-12-23,HR,New York
440,Heather Ferguson,Analyst,75119.41,Delta,1995-10-23,HR,New York
441,David Perkins,Analyst,74052.17,Project2,1989-02-13,HR,New York
461,Laura Briggs,Consultant,95578.02,Project6,1994-05-11,HR,New York
465,Amber Williams,Consultant,92451.03,Project6,1997-08-15,HR,New York
468,Brett Merritt,Manager,79873.81,Omega,2016-09-01,HR,New York
470,Haley Mcclure,Developer,120083.67,Project1,2007-02-25,HR,New York
487,David Smith,Engineer,123386.55,Project2,2023-03-22,HR,New York
488,Peter Faulkner,Manager,70412.82,Project6,2015-10-30,HR,New York
497,Jessica Coleman,Consultant,124564.26,Project3,1981-03-24,HR,New York
513,Elizabeth Glover,Manager,44944.23,Gamma,1989-05-16,HR,New York
514,Theresa Solis,Analyst,108574.69,Project5,1986-07-17,HR,New York
518,Ian Miller,Engineer,124242.84,Gamma,2022-09-11,HR,New York
524,Erika Haley,Developer,131411.7,Delta,2004-02-17,HR,New York
529,Patricia Cox,Manager,104162.13,Beta,1989-07-18,HR,New York
532,Lisa Hunter,Consultant,126113.28,Project6,2017-12-24,HR,New York
536,Daniel Anderson,Manager,97725.3,Project2,2008-05-29,HR,New York
540,Michael Schmidt,Consultant,69988.54,Project1,1991-02-10,HR,New York
545,Madison Moore,Engineer,112817.39,Project6,2005-10-28,HR,New York
561,Michael Thomas,Analyst,83886.21,Project3,1981-03-31,HR,New York
565,Brittany Moore,Manager,44357.54,Project5,1997-09-19,HR,New York
570,Samuel Andersen Jr.,Engineer,50119.27,Omega,1986-12-19,HR,New York
572,Miss Elizabeth Ball,Manager,94540.12,Project3,2004-05-10,HR,New York
574,Mr. David Bush,Manager,82631.11,Project6,1985-04-12,HR,New York
575,Jennifer Thompson,Consultant,66543.02,Project4,1979-06-04,HR,New York
582,Douglas Hudson,Manager,73019.19,Project1,2016-08-26,HR,New York
587,Paul Richardson,Manager,69456.9,Project3,1973-08-05,HR,New York
589,Jared Wade,Developer,40467.77,Delta,2005-11-17,HR,New York
593,Karen Manning,Engineer,147126.53,Beta,1974-02-12,HR,New York
596,Raymond Grant,Analyst,42933.24,Project2,2019-07-22,HR,New York
605,Michael Graham,Manager,110511.67,Gamma,1992-12-21,HR,New York
617,Sheila Stanley,Developer,58717.8,Beta,2006-07-16,HR,New York
618,Cory Frazier,Developer,46967.12,Delta,1986-01-03,HR,New York
624,Alyssa Keith,Engineer,41063.6,Beta,2018-03-31,HR,New York
628,Joseph Combs,Engineer,96030.74,Beta,2004-11-03,HR,New York
631,Susan Rojas,Manager,49304.7,Beta,2009-07-13,HR,New York
632,Eric Bonilla,Developer,62243.53,Project3,1970-05-09,HR,New York
641,Robert Espinoza,Manager,128964.78,Project4,1992-12-13,HR,New York
653,Brandon Carroll,Consultant,75527.34,Omega,1988-08-09,HR,New York
654,Michael Hale,Consultant,94541.43,Project4,2013-07-29,HR,New York
656,Jeffrey Jones,Developer,144386.64,Project4,2007-02-24,HR,New York
663,Jennifer Cook,Engineer,101183.41,Project5,2000-11-11,HR,New York
668,Brandon Padilla,Manager,111299.11,Project4,2004-06-08,HR,New York
669,Claire Mullen,Manager,60177.3,Project1,2015-07-25,HR,New York
672,Linda Hahn,Engineer,83440.16,Alpha,2005-08-23,HR,New York
673,Charles King,Analyst,67642.0,Project2,2017-06-13,HR,New York
675,Jason Edwards,Analyst,98087.44,Gamma,2018-04-20,HR,New York
686,Jason Miller,Engineer,144136.41,Project1,1985-04-22,HR,New York
693,Richard Nelson,Engineer,49035.87,Project4,2005-07-11,HR,New York
708,Casey Fry,Developer,143304.68,Project3,1988-08-22,HR,New York
711,Emma Mullen,Developer,124213.98,Omega,1982-10-02,HR,New York
723,Jeremy Cunningham,Manager,90983.87,Delta,1984-09-02,HR,New York
752,Cody Anderson,Consultant,66599.34,Beta,2002-03-30,HR,New York
754,Patricia Smith,Analyst,44210.34,Project2,1985-12-25,HR,New York
762,Tina Watson,Engineer,73133.18,Delta,2019-09-25,HR,New York
764,Olivia Reed,Consultant,50366.38,Gamma,2021-02-18,HR,New York
768,Carlos Klein,Engineer,60507.72,Project3,1984-06-26,HR,New York
773,Tiffany Kelly,Engineer,66278.83,Project5,2014-02-05,HR,New York
780,Allen Barnes,Analyst,83985.08,Project5,2003-06-11,HR,New York
783,Edward Chavez,Consultant,97778.09,Project1,1971-11-10,HR,New York
800,Bryan Peterson,Consultant,84043.08,Alpha,1981-09-17,HR,New York
803,Laura Moreno,Analyst,94418.86,Omega,2020-09-07,HR,New York
804,Charles Davis,Engineer,58710.62,Beta,1997-02-21,HR,New York
806,Sandra Cisneros,Consultant,66177.29,Project3,2007-11-24,HR,New York
828,Sarah Hardy,Manager,100235.72,Project1,2002-12-25,HR,New York
834,Laura Reilly,Consultant,113641.79,Gamma,1992-04-06,HR,New York
836,Gregg Matthews,Engineer,40026.62,Project2,1999-12-26,HR,New York
840,Joseph Holt,Manager,98512.17,Project3,2017-01-15,HR,New York
841,Samantha Miller,Analyst,87858.93,Alpha,1972-10-01,HR,New York
842,Shaun Wilson,Developer,69903.35,Beta,2016-02-02,HR,New York
843,Lisa Rios,Analyst,78121.92,Project2,2016-11-21,HR,New York
860,Ashley Butler,Analyst,42105.12,Project1,2023-08-09,HR,New York
862,Angela Sheppard,Consultant,83495.67,Project2,1982-12-17,HR,New York
863,Mitchell Welch,Consultant,140037.66,Omega,1970-03-03,HR,New York
867,Evan Sanchez,Consultant,52203.26,Omega,1997-02-04,HR,New York
871,Veronica White,Consultant,69885.98,Omega,2013-12-15,HR,New York
877,Tristan Lopez,Consultant,122348.78,Project2,1991-09-09,HR,New York
878,Evelyn Smith,Analyst,111527.41,Project6,1975-04-28,HR,New York
894,Jeremy Warren,Engineer,128778.39,Project3,2005-04-28,HR,New York
898,Shannon Jordan,Manager,62184.71,Gamma,2019-07-22,HR,New York
899,Miranda Kelly,Engineer,130775.29,Project3,1972-06-30,HR,New York
909,Jessica Lopez,Consultant,69707.33,Gamma,1985-12-08,HR,New York
911,Nicholas Hutchinson,Consultant,43551.81,Delta,1989-01-27,HR,New York
913,Nichole Underwood,Analyst,50704.75,Alpha,1975-05-30,HR,New York
915,Taylor Norris,Consultant,75394.32,Project4,1990-09-27,HR,New York
923,Brittany Wilson,Analyst,144613.68,Project1,1992-08-03,HR,New York
930,Jorge Hanson,Developer,71396.4,Project2,2024-06-06,HR,New York
931,Maria Hill,Developer,143574.38,Project6,1997-10-18,HR,New York
934,Mariah Burnett,Engineer,97579.58,Project2,1989-10-07,HR,New York
935,Denise Newman,Manager,47235.74,Alpha,1981-11-15,HR,New York
937,Susan Orr,Engineer,50154.11,Delta,1997-04-16,HR,New York
942,Barbara Espinoza,Engineer,67804.98,Project1,1987-04-06,HR,New York
951,Thomas Black,Analyst,42350.03,Project3,1997-06-09,HR,New York
956,Heather Thompson,Engineer,77040.33,Project3,1991-01-29,HR,New York
961,Robert Odonnell,Manager,66683.35,Beta,1999-08-14,HR,New York
965,Dustin Horn,Analyst,48022.06,Project1,1983-04-18,HR,New York
971,Rhonda Ortega,Consultant,136131.71,Omega,2007-11-20,HR,New York
975,Roger Williams,Developer,93890.95,Project4,1975-04-01,HR,New York
977,Jeffrey Phillips,Developer,85615.17,Beta,1992-02-28,HR,New York
979,John Yoder,Manager,115850.15,Project5,1999-10-23,HR,New York
980,Kaitlyn Ball,Developer,99570.34,Project2,1990-09-11,HR,New York
990,Victor Hernandez,Manager,54222.04,Project1,1997-06-19,HR,New York
993,Daniel Porter,Manager,119733.2,Project6,2014-07-12,HR,New York
997,Brenda Cruz,Developer,83146.79,Omega,1999-01-27,HR,New York
6,Christopher Mendoza,Developer,128025.8,Alpha,2008-11-02,IT,San Francisco
20,Kevin Wright,Consultant,128585.94,Delta,2014-03-21,IT,San Francisco
23,Lynn Perez,Manager,68030.17,Omega,1984-10-25,IT,San Francisco
33,Joseph Underwood,Analyst,136469.28,Project3,2014-06-02,IT,San Francisco
34,William Thomas,Manager,41601.88,Omega,1982-03-19,IT,San Francisco
38,Kathleen Rhodes,Consultant,53535.2,Beta,2012-05-19,IT,San Francisco
39,Nicole Roberts,Manager,78833.61,Project5,2017-04-03,IT,San Francisco
40,Rebecca Moody,Analyst,104091.68,Project5,2016-10-27,IT,San Francisco
49,Michael Jackson,Engineer,73742.77,Delta,1979-05-15,IT,San Francisco
50,Eugene Moore,Developer,63399.86,Project2,2016-10-24,IT,San Francisco
51,David Benson,Consultant,126945.91,Project2,2010-09-24,IT,San Francisco
54,Zachary Nelson,Developer,48696.09,Omega,2000-03-16,IT,San Francisco
56,Melissa Boyer,Developer,111658.32,Beta,1995-09-29,IT,San Francisco
58,Erica Taylor,Analyst,126485.3,Beta,2016-09-22,IT,San Francisco
64,Lori Navarro,Manager,149585.91,Project5,1972-11-25,IT,San Francisco
66,Paul Mclean,Manager,125201.37,Project6,2004-03-25,IT,San Francisco
70,Brian Thomas,Consultant,66433.64,Gamma,1996-02-13,IT,San Francisco
75,Willie Richards,Consultant,43598.0,Project4,2000-10-02,IT,San Francisco
80,William Bartlett,Engineer,54948.68,Project3,1993-03-10,IT,San Francisco
87,Scott Harris,Engineer,141412.43,Beta,1970-08-12,IT,San Francisco
90,Nicole Ross,Consultant,103052.97,Project3,1993-10-22,IT,San Francisco
94,Michelle Obrien,Developer,118335.49,Delta,2008-10-16,IT,San Francisco
105,Austin Morris,Developer,117401.94,Project6,2013-08-05,IT,San Francisco
110,Kiara Richardson,Consultant,84905.26,Project5,2023-05-01,IT,San Francisco
112,Christopher Cook,Analyst,78734.17,Project4,2007-02-27,IT,San Francisco
113,Michelle Robinson,Engineer,134442.28,Project3,2004-11-29,IT,San Francisco
119,Becky Cain,Manager,125504.34,Gamma,2003-09-21,IT,San Francisco
120,Brian Green,Manager,78065.81,Project1,1984-02-19,IT,San Francisco
125,Kendra Palmer,Consultant,75135.71,Project4,1973-06-18,IT,San Francisco
138,Holly Moore,Developer,126643.64,Alpha,1979-10-16,IT,San Francisco
148,Andrea Rodriguez,Analyst,65615.23,Beta,2000-05-19,IT,San Francisco
153,Robert Garcia,Developer,60323.01,Project4,1980-11-20,IT,San Francisco
156,Dawn Huffman,Developer,146905.18,Gamma,2014-04-23,IT,San Francisco
157,Logan Jones,Developer,129034.31,Alpha,2019-10-25,IT,San Francisco
160,Alexandra Roman,Manager,81495.78,Project2,1980-02-05,IT,San Francisco
169,Eric Flores,Consultant,125097.9,Alpha,1971-09-08,IT,San Francisco
172,Claudia Williams,Analyst,48304.47,Gamma,2018-06-18,IT,San Francisco
174,Terri Lamb,Manager,108548.93,Project1,2004-04-16,IT,San Francisco
183,Leonard Perkins,Manager,52555.77,Project1,2002-11-27,IT,San Francisco
190,Jill Byrd,Analyst,136660.27,Project6,2001-07-07,IT,San Francisco
193,Rachel Richards,Manager,83815.86,Project3,2012-07-13,IT,San Francisco
195,Crystal Thomas,Consultant,118651.19,Project2,2005-11-24,IT,San Francisco
206,Patricia Martinez,Consultant,46236.1,Alpha,2017-05-28,IT,San Francisco
230,Amber Macdonald,Manager,136387.71,Project6,1977-05-09,IT,San Francisco
240,Andrea Henderson,Developer,85290.77,Project2,2019-07-09,IT,San Francisco
246,Deborah Thomas,Analyst,140333.51,Delta,2019-05-22,IT,San Francisco
248,Linda Sandoval,Consultant,98795.61,Gamma,1972-05-18,IT,San Francisco
251,Billy Palmer,Manager,147273.62,Project3,1977-01-21,IT,San Francisco
258,Holly Wright,Developer,53492.34,Alpha,2008-03-29,IT,San Francisco
265,Michael Figueroa,Developer,46541.27,Gamma,1988-05-11,IT,San Francisco
270,Christopher Anderson,Developer,77466.82,Project2,2023-05-28,IT,San Francisco
271,Albert Thompson,Engineer,77234.78,Project6,1978-11-10,IT,San Francisco
274,Marie Norman,Developer,130029.14,Project1,1993-05-06,IT,San Francisco
292,Craig Mosley,Analyst,141383.48,Project4,1979-06-18,IT,San Francisco
295,Michael Perry,Engineer,97285.25,Omega,2001-02-19,IT,San Francisco
296,Holly Solis,Analyst,52293.3,Delta,1977-03-16,IT,San Francisco
298,Carol Potter,Manager,58708.17,Project4,1993-06-19,IT,San Francisco
299,Robin Adams,Analyst,104023.51,Project6,1981-10-01,IT,San Francisco
302,Amanda Mcguire,Developer,115028.95,Gamma,2020-02-16,IT,San Francisco
304,Richard Lewis,Consultant,45829.0,Project3,2021-03-24,IT,San Francisco
312,Dana Nunez,Consultant,142894.69,Project1,2021-10-31,IT,San Francisco
314,William Hall,Developer,110779.9,Omega,2017-08-17,IT,San Francisco
315,Brian Gibson,Engineer,115123.83,Project1,1980-01-09,IT,San Francisco
316,Kim Harrison,Manager,72089.15,Delta,2021-05-29,IT,San Francisco
318,Michelle Brown,Developer,56391.63,Project5,1991-06-27,IT,San Francisco
321,Kylie Hood,Developer,61897.27,Alpha,2021-11-28,IT,San Francisco
322,Brendan Turner,Analyst,83571.43,Project4,2007-02-16,IT,San Francisco
334,Johnathan Mcgee,Manager,62544.33,Alpha,2005-05-30,IT,San Francisco
343,Valerie Gibbs,Developer,52978.2,Project4,1978-07-31,IT,San Francisco
344,Stacey Clark,Engineer,53232.64,Omega,1988-09-11,IT,San Francisco
352,Billy Harris,Engineer,55646.99,Beta,1979-04-03,IT,San Francisco
359,Martha Schultz,Consultant,89675.69,Project1,2021-05-03,IT,San Francisco
364,Amy Washington,Manager,90909.18,Delta,1982-10-26,IT,San Francisco
366,Todd Odonnell,Analyst,95885.3,Project1,2004-12-30,IT,San Francisco
372,Tanya Rodgers,Engineer,106314.51,Alpha,1998-10-10,IT,San Francisco
375,Cynthia Proctor,Engineer,86125.21,Beta,1998-03-19,IT,San Francisco
377,Tracy Brown,Analyst,74629.74,Alpha,1982-12-28,IT,San Francisco
379,Raymond Payne,Analyst,129016.32,Omega,2009-08-13,IT,San Francisco
385,Patrick Le,Consultant,111650.36,Gamma,2009-01-06,IT,San Francisco
395,Danielle Williams,Engineer,143742.59,Gamma,1983-04-01,IT,San Francisco
400,Denise Jones,Consultant,40607.14,Project4,1996-07-19,IT,San Francisco
409,Robin French,Manager,55811.53,Delta,1980-06-28,IT,San Francisco
412,Joel Davis,Manager,145758.86,Project1,1975-01-11,IT,San Francisco
428,Amanda Dougherty,Consultant,102413.27,Project4,2017-10-05,IT,San Francisco
429,Joshua Lopez,Analyst,43356.97,Beta,1987-04-07,IT,San Francisco
434,Mark Martin,Engineer,105417.96,Project6,1973-06-07,IT,San Francisco
437,Jasmine Edwards,Manager,87751.81,Alpha,2023-12-15,IT,San Francisco
443,Christopher Hart,Consultant,45334.77,Project4,1988-12-30,IT,San Francisco
447,Susan Jones,Developer,120947.98,Omega,1976-08-23,IT,San Francisco
452,Tamara Simmons,Consultant,129280.85,Delta,1983-02-01,IT,San Francisco
455,Eric Garcia,Developer,108710.52,Project6,2021-11-30,IT,San Francisco
458,Benjamin Clark,Engineer,75927.27,Delta,2014-07-28,IT,San Francisco
459,Gary Lawson,Engineer,70969.41,Project3,1982-02-02,IT,San Francisco
460,Cindy Stein,Engineer,134702.03,Delta,2019-02-10,IT,San Francisco
464,Melissa Moore,Analyst,69260.35,Project5,1977-07-08,IT,San Francisco
471,Marc Lowe,Analyst,80976.74,Project5,2009-12-24,IT,San Francisco
481,Wendy Castillo,Engineer,65870.85,Alpha,1990-04-02,IT,San Francisco
483,Brendan Lara,Manager,98656.11,Project3,2004-05-09,IT,San Francisco
489,Gina Green,Engineer,100962.19,Alpha,1994-07-25,IT,San Francisco
491,Andrew Weaver,Engineer,52210.56,Project2,2016-05-13,IT,San Francisco
495,Brian Walker,Analyst,65073.13,Gamma,1976-03-15,IT,San Francisco
499,Robert Manning,Manager,67078.63,Gamma,1993-12-23,IT,San Francisco
503,Louis Lynch,Analyst,81525.49,Alpha,1987-11-21,IT,San Francisco
504,Laura Archer,Consultant,126756.75,Project3,2020-09-08,IT,San Francisco
505,Brooke Powers,Manager,142828.19,Project2,2021-05-15,IT,San Francisco
506,Pam Perez,Engineer,127063.26,Project1,1986-08-21,IT,San Francisco
510,Jordan Smith,Consultant,84832.56,Project3,2001-08-16,IT,San Francisco
512,Marcus Gutierrez,Analyst,113092.76,Alpha,1997-10-11,IT,San Francisco
527,James Hammond,Analyst,43256.11,Beta,1998-09-26,IT,San Francisco
528,Heather Sutton,Consultant,132906.73,Alpha,1973-08-13,IT,San Francisco
534,John Rosales,Manager,83264.33,Project2,2002-08-28,IT,San Francisco
538,Tony Patterson,Developer,60825.33,Project6,1971-02-09,IT,San Francisco
543,Mrs. Jennifer Blackwell,Developer,68601.49,Project5,2021-08-05,IT,San Francisco
544,Mary Evans,Consultant,108717.62,Project3,1995-03-15,IT,San Francisco
549,Catherine Guerra,Manager,51055.14,Project2,2011-02-24,IT,San Francisco
552,Brian Luna,Engineer,145303.11,Delta,1977-08-19,IT,San Francisco
558,Thomas Costa,Engineer,126039.92,Project2,2016-12-29,IT,San Francisco
563,Alan Bartlett,Manager,119269.58,Project5,1970-02-08,IT,San Francisco
567,Allen Miller,Analyst,41491.56,Project3,1993-04-23,IT,San Francisco
569,Corey Rios,Consultant,47715.7,Project4,2021-08-13,IT,San Francisco
576,Rebecca Martinez,Developer,79443.71,Project1,1971-08-17,IT,San Francisco
579,Stacy Browning,Engineer,92036.82,Project6,1979-10-24,IT,San Francisco
581,Sandra Washington,Consultant,63207.63,Project1,1977-10-08,IT,San Francisco
583,Brian Scott,Developer,76032.51,Gamma,1987-02-24,IT,San Francisco
588,Sheryl Morgan,Analyst,102382.26,Project3,2014-11-13,IT,San Francisco
594,Madison Brown,Manager,94599.13,Project2,2023-10-04,IT,San Francisco
599,Melissa Smith,Consultant,91623.53,Delta,2005-10-20,IT,San Francisco
601,Jason Livingston,Engineer,130000.43,Project5,2010-01-14,IT,San Francisco
620,Curtis Holt,Analyst,87763.07,Project3,1992-01-23,IT,San Francisco
626,Timothy Figueroa,Consultant,81814.88,Alpha,1988-07-04,IT,San Francisco
635,Douglas Stuart,Engineer,52469.53,Project2,2015-05-04,IT,San Francisco
636,Scott Harrison,Engineer,74859.13,Project3,2021-09-23,IT,San Francisco
640,Daniel Gomez,Engineer,91556.1,Alpha,1981-05-18,IT,San Francisco
649,Henry Ryan,Manager,52522.02,Beta,1995-07-12,IT,San Francisco
652,Mr. Ryan Carter,Analyst,82007.8,Delta,2007-10-11,IT,San Francisco
660,Reginald Brown,Engineer,102312.87,Delta,1991-03-12,IT,San Francisco
678,Ann Ortiz,Analyst,68726.47,Beta,2007-02-15,IT,San Francisco
680,Antonio Brown,Developer,148214.7,Project2,1980-11-26,IT,San Francisco
682,Teresa Mccoy,Engineer,129666.25,Delta,1987-11-17,IT,San Francisco
684,Bobby Franklin,Engineer,128325.66,Delta,2009-11-03,IT,San Francisco
694,Rachael Schwartz,Consultant,43942.17,Alpha,2018-05-23,IT,San Francisco
697,Henry Francis,Consultant,58176.04,Project2,2005-07-19,IT,San Francisco
699,Philip Christian,Analyst,142581.4,Project6,1996-03-26,IT,San Francisco
707,Robert Pollard,Manager,126945.21,Gamma,2001-07-08,IT,San Francisco
715,Samantha Christensen,Developer,137305.79,Project3,2011-12-14,IT,San Francisco
719,Andrew Bell,Developer,79203.45,Delta,2001-02-08,IT,San Francisco
722,David Johnson,Manager,127749.66,Project1,2014-09-27,IT,San Francisco
738,Todd Vang,Engineer,120807.49,Alpha,1980-10-24,IT,San Francisco
739,Cindy Rodriguez MD,Consultant,99923.96,Project6,1982-06-16,IT,San Francisco
743,Anthony Estrada Jr.,Engineer,134662.48,Project6,1982-06-13,IT,San Francisco
747,Michelle Allen,Consultant,71252.9,Project6,1999-09-14,IT,San Francisco
748,Jennifer Gibbs,Consultant,44851.25,Project2,1984-02-14,IT,San Francisco
751,Sandra Murphy,Manager,144385.95,Project4,1995-07-15,IT,San Francisco
755,Matthew Clarke,Manager,95635.61,Project2,1989-11-03,IT,San Francisco
765,Michele Palmer,Consultant,142786.89,Project6,2002-09-04,IT,San Francisco
776,Mary Castro,Developer,50138.89,Gamma,1997-05-13,IT,San Francisco
777,Shelley Burton,Analyst,146210.87,Project3,2011-06-03,IT,San Francisco
779,Nicole Lane,Analyst,85224.37,Alpha,1998-06-16,IT,San Francisco
785,Nicole Burton,Engineer,40047.79,Delta,1999-03-19,IT,San Francisco
787,Kimberly Jones,Consultant,49455.83,Project4,1996-12-15,IT,San Francisco
789,Valerie Moreno,Engineer,84831.03,Project1,2014-07-30,IT,San Francisco
790,Corey Lee,Manager,127927.52,Delta,2011-03-14,IT,San Francisco
791,Amy Randolph,Manager,116887.17,Project5,1998-04-09,IT,San Francisco
792,Timothy Hunt,Manager,77656.72,Gamma,2009-03-21,IT,San Francisco
810,Melissa Johnson,Engineer,111003.38,Omega,1986-01-09,IT,San Francisco
816,Christina Hansen,Developer,42680.01,Omega,2002-09-10,IT,San Francisco
817,Dana Chan,Engineer,113501.44,Project3,1980-12-28,IT,San Francisco
822,Allison Day,Manager,47980.74,Gamma,2004-10-22,IT,San Francisco
827,Kellie Walters,Manager,107589.69,Project4,1991-05-02,IT,San Francisco
839,Melissa Norris,Developer,90586.14,Beta,1974-11-10,IT,San Francisco
846,James Kirk,Consultant,128644.04,Beta,1979-02-15,IT,San Francisco
855,Melinda Morgan,Analyst,99770.23,Gamma,1994-05-19,IT,San Francisco
856,Yvonne Baker,Analyst,49464.46,Delta,1992-05-28,IT,San Francisco
866,Sandra Werner,Consultant,87946.34,Project1,1983-04-10,IT,San Francisco
875,Danielle Cole,Developer,149718.99,Beta,2007-04-11,IT,San Francisco
882,David Dickerson,Consultant,49773.36,Alpha,1986-09-11,IT,San Francisco
886,James Huynh,Manager,76137.49,Delta,1981-10-08,IT,San Francisco
895,Tim Mcguire,Developer,147927.26,Project5,1986-04-08,IT,San Francisco
900,Katherine Fernandez,Analyst,148473.42,Project1,1979-04-21,IT,San Francisco
904,Dominique Stone,Analyst,107269.13,Gamma,1985-09-03,IT,San Francisco
905,Edward Freeman,Analyst,80724.77,Project2,1991-07-18,IT,San Francisco
906,Brianna Hughes,Consultant,43695.87,Alpha,1999-06-27,IT,San Francisco
916,Jacob Rodriguez,Engineer,40170.8,Alpha,1977-11-19,IT,San Francisco
917,Todd Sparks,Consultant,81608.56,Alpha,1970-06-25,IT,San Francisco
922,David Henderson,Engineer,124786.91,Project6,2022-12-15,IT,San Francisco
933,Virginia Hendrix,Engineer,115038.05,Project3,2000-09-17,IT,San Francisco
938,Nicholas Huang,Consultant,146906.96,Omega,1988-04-16,IT,San Francisco
943,Christopher Robinson,Manager,57157.51,Project4,2007-10-20,IT,San Francisco
944,Beth Frey,Developer,97292.65,Project3,1988-04-20,IT,San Francisco
945,Stephanie Gillespie,Consultant,118756.38,Project6,2020-01-26,IT,San Francisco
950,Ashlee David,Analyst,109904.77,Beta,1972-11-18,IT,San Francisco
954,Jacqueline Lee,Consultant,69710.43,Project2,2009-06-05,IT,San Francisco
958,Angela James,Engineer,145327.74,Beta,1970-07-25,IT,San Francisco
962,Andrea Richards,Manager,147544.11,Project6,1994-03-13,IT,San Francisco
963,Marissa Bradley,Analyst,107252.98,Omega,1983-10-16,IT,San Francisco
970,Jessica Jones,Engineer,113158.3,Project5,1976-06-28,IT,San Francisco
987,Deborah Browning,Analyst,64944.83,Beta,1985-11-27,IT,San Francisco
989,Alex Hernandez,Engineer,73212.21,Alpha,1983-02-25,IT,San Francisco
6,Christopher Mendoza,Developer,128025.8,Alpha,2008-11-02,Marketing,Los Angeles
20,Kevin Wright,Consultant,128585.94,Delta,2014-03-21,Marketing,Los Angeles
23,Lynn Perez,Manager,68030.17,Omega,1984-10-25,Marketing,Los Angeles
33,Joseph Underwood,Analyst,136469.28,Project3,2014-06-02,Marketing,Los Angeles
34,William Thomas,Manager,41601.88,Omega,1982-03-19,Marketing,Los Angeles
38,Kathleen Rhodes,Consultant,53535.2,Beta,2012-05-19,Marketing,Los Angeles
39,Nicole Roberts,Manager,78833.61,Project5,2017-04-03,Marketing,Los Angeles
40,Rebecca Moody,Analyst,104091.68,Project5,2016-10-27,Marketing,Los Angeles
49,Michael Jackson,Engineer,73742.77,Delta,1979-05-15,Marketing,Los Angeles
50,Eugene Moore,Developer,63399.86,Project2,2016-10-24,Marketing,Los Angeles
51,David Benson,Consultant,126945.91,Project2,2010-09-24,Marketing,Los Angeles
54,Zachary Nelson,Developer,48696.09,Omega,2000-03-16,Marketing,Los Angeles
56,Melissa Boyer,Developer,111658.32,Beta,1995-09-29,Marketing,Los Angeles
58,Erica Taylor,Analyst,126485.3,Beta,2016-09-22,Marketing,Los Angeles
64,Lori Navarro,Manager,149585.91,Project5,1972-11-25,Marketing,Los Angeles
66,Paul Mclean,Manager,125201.37,Project6,2004-03-25,Marketing,Los Angeles
70,Brian Thomas,Consultant,66433.64,Gamma,1996-02-13,Marketing,Los Angeles
75,Willie Richards,Consultant,43598.0,Project4,2000-10-02,Marketing,Los Angeles
80,William Bartlett,Engineer,54948.68,Project3,1993-03-10,Marketing,Los Angeles
87,Scott Harris,Engineer,141412.43,Beta,1970-08-12,Marketing,Los Angeles
90,Nicole Ross,Consultant,103052.97,Project3,1993-10-22,Marketing,Los Angeles
94,Michelle Obrien,Developer,118335.49,Delta,2008-10-16,Marketing,Los Angeles
105,Austin Morris,Developer,117401.94,Project6,2013-08-05,Marketing,Los Angeles
110,Kiara Richardson,Consultant,84905.26,Project5,2023-05-01,Marketing,Los Angeles
112,Christopher Cook,Analyst,78734.17,Project4,2007-02-27,Marketing,Los Angeles
113,Michelle Robinson,Engineer,134442.28,Project3,2004-11-29,Marketing,Los Angeles
119,Becky Cain,Manager,125504.34,Gamma,2003-09-21,Marketing,Los Angeles
120,Brian Green,Manager,78065.81,Project1,1984-02-19,Marketing,Los Angeles
125,Kendra Palmer,Consultant,75135.71,Project4,1973-06-18,Marketing,Los Angeles
138,Holly Moore,Developer,126643.64,Alpha,1979-10-16,Marketing,Los Angeles
148,Andrea Rodriguez,Analyst,65615.23,Beta,2000-05-19,Marketing,Los Angeles
153,Robert Garcia,Developer,60323.01,Project4,1980-11-20,Marketing,Los Angeles
156,Dawn Huffman,Developer,146905.18,Gamma,2014-04-23,Marketing,Los Angeles
157,Logan Jones,Developer,129034.31,Alpha,2019-10-25,Marketing,Los Angeles
160,Alexandra Roman,Manager,81495.78,Project2,1980-02-05,Marketing,Los Angeles
169,Eric Flores,Consultant,125097.9,Alpha,1971-09-08,Marketing,Los Angeles
172,Claudia Williams,Analyst,48304.47,Gamma,2018-06-18,Marketing,Los Angeles
174,Terri Lamb,Manager,108548.93,Project1,2004-04-16,Marketing,Los Angeles
183,Leonard Perkins,Manager,52555.77,Project1,2002-11-27,Marketing,Los Angeles
190,Jill Byrd,Analyst,136660.27,Project6,2001-07-07,Marketing,Los Angeles
193,Rachel Richards,Manager,83815.86,Project3,2012-07-13,Marketing,Los Angeles
195,Crystal Thomas,Consultant,118651.19,Project2,2005-11-24,Marketing,Los Angeles
206,Patricia Martinez,Consultant,46236.1,Alpha,2017-05-28,Marketing,Los Angeles
230,Amber Macdonald,Manager,136387.71,Project6,1977-05-09,Marketing,Los Angeles
240,Andrea Henderson,Developer,85290.77,Project2,2019-07-09,Marketing,Los Angeles
246,Deborah Thomas,Analyst,140333.51,Delta,2019-05-22,Marketing,Los Angeles
248,Linda Sandoval,Consultant,98795.61,Gamma,1972-05-18,Marketing,Los Angeles
251,Billy Palmer,Manager,147273.62,Project3,1977-01-21,Marketing,Los Angeles
258,Holly Wright,Developer,53492.34,Alpha,2008-03-29,Marketing,Los Angeles
265,Michael Figueroa,Developer,46541.27,Gamma,1988-05-11,Marketing,Los Angeles
270,Christopher Anderson,Developer,77466.82,Project2,2023-05-28,Marketing,Los Angeles
271,Albert Thompson,Engineer,77234.78,Project6,1978-11-10,Marketing,Los Angeles
274,Marie Norman,Developer,130029.14,Project1,1993-05-06,Marketing,Los Angeles
292,Craig Mosley,Analyst,141383.48,Project4,1979-06-18,Marketing,Los Angeles
295,Michael Perry,Engineer,97285.25,Omega,2001-02-19,Marketing,Los Angeles
296,Holly Solis,Analyst,52293.3,Delta,1977-03-16,Marketing,Los Angeles
298,Carol Potter,Manager,58708.17,Project4,1993-06-19,Marketing,Los Angeles
299,Robin Adams,Analyst,104023.51,Project6,1981-10-01,Marketing,Los Angeles
302,Amanda Mcguire,Developer,115028.95,Gamma,2020-02-16,Marketing,Los Angeles
304,Richard Lewis,Consultant,45829.0,Project3,2021-03-24,Marketing,Los Angeles
312,Dana Nunez,Consultant,142894.69,Project1,2021-10-31,Marketing,Los Angeles
314,William Hall,Developer,110779.9,Omega,2017-08-17,Marketing,Los Angeles
315,Brian Gibson,Engineer,115123.83,Project1,1980-01-09,Marketing,Los Angeles
316,Kim Harrison,Manager,72089.15,Delta,2021-05-29,Marketing,Los Angeles
318,Michelle Brown,Developer,56391.63,Project5,1991-06-27,Marketing,Los Angeles
321,Kylie Hood,Developer,61897.27,Alpha,2021-11-28,Marketing,Los Angeles
322,Brendan Turner,Analyst,83571.43,Project4,2007-02-16,Marketing,Los Angeles
334,Johnathan Mcgee,Manager,62544.33,Alpha,2005-05-30,Marketing,Los Angeles
343,Valerie Gibbs,Developer,52978.2,Project4,1978-07-31,Marketing,Los Angeles
344,Stacey Clark,Engineer,53232.64,Omega,1988-09-11,Marketing,Los Angeles
352,Billy Harris,Engineer,55646.99,Beta,1979-04-03,Marketing,Los Angeles
359,Martha Schultz,Consultant,89675.69,Project1,2021-05-03,Marketing,Los Angeles
364,Amy Washington,Manager,90909.18,Delta,1982-10-26,Marketing,Los Angeles
366,Todd Odonnell,Analyst,95885.3,Project1,2004-12-30,Marketing,Los Angeles
372,Tanya Rodgers,Engineer,106314.51,Alpha,1998-10-10,Marketing,Los Angeles
375,Cynthia Proctor,Engineer,86125.21,Beta,1998-03-19,Marketing,Los Angeles
377,Tracy Brown,Analyst,74629.74,Alpha,1982-12-28,Marketing,Los Angeles
379,Raymond Payne,Analyst,129016.32,Omega,2009-08-13,Marketing,Los Angeles
385,Patrick Le,Consultant,111650.36,Gamma,2009-01-06,Marketing,Los Angeles
395,Danielle Williams,Engineer,143742.59,Gamma,1983-04-01,Marketing,Los Angeles
400,Denise Jones,Consultant,40607.14,Project4,1996-07-19,Marketing,Los Angeles
409,Robin French,Manager,55811.53,Delta,1980-06-28,Marketing,Los Angeles
412,Joel Davis,Manager,145758.86,Project1,1975-01-11,Marketing,Los Angeles
428,Amanda Dougherty,Consultant,102413.27,Project4,2017-10-05,Marketing,Los Angeles
429,Joshua Lopez,Analyst,43356.97,Beta,1987-04-07,Marketing,Los Angeles
434,Mark Martin,Engineer,105417.96,Project6,1973-06-07,Marketing,Los Angeles
437,Jasmine Edwards,Manager,87751.81,Alpha,2023-12-15,Marketing,Los Angeles
443,Christopher Hart,Consultant,45334.77,Project4,1988-12-30,Marketing,Los Angeles
447,Susan Jones,Developer,120947.98,Omega,1976-08-23,Marketing,Los Angeles
452,Tamara Simmons,Consultant,129280.85,Delta,1983-02-01,Marketing,Los Angeles
455,Eric Garcia,Developer,108710.52,Project6,2021-11-30,Marketing,Los Angeles
458,Benjamin Clark,Engineer,75927.27,Delta,2014-07-28,Marketing,Los Angeles
459,Gary Lawson,Engineer,70969.41,Project3,1982-02-02,Marketing,Los Angeles
460,Cindy Stein,Engineer,134702.03,Delta,2019-02-10,Marketing,Los Angeles
464,Melissa Moore,Analyst,69260.35,Project5,1977-07-08,Marketing,Los Angeles
471,Marc Lowe,Analyst,80976.74,Project5,2009-12-24,Marketing,Los Angeles
481,Wendy Castillo,Engineer,65870.85,Alpha,1990-04-02,Marketing,Los Angeles
483,Brendan Lara,Manager,98656.11,Project3,2004-05-09,Marketing,Los Angeles
489,Gina Green,Engineer,100962.19,Alpha,1994-07-25,Marketing,Los Angeles
491,Andrew Weaver,Engineer,52210.56,Project2,2016-05-13,Marketing,Los Angeles
495,Brian Walker,Analyst,65073.13,Gamma,1976-03-15,Marketing,Los Angeles
499,Robert Manning,Manager,67078.63,Gamma,1993-12-23,Marketing,Los Angeles
503,Louis Lynch,Analyst,81525.49,Alpha,1987-11-21,Marketing,Los Angeles
504,Laura Archer,Consultant,126756.75,Project3,2020-09-08,Marketing,Los Angeles
505,Brooke Powers,Manager,142828.19,Project2,2021-05-15,Marketing,Los Angeles
506,Pam Perez,Engineer,127063.26,Project1,1986-08-21,Marketing,Los Angeles
510,Jordan Smith,Consultant,84832.56,Project3,2001-08-16,Marketing,Los Angeles
512,Marcus Gutierrez,Analyst,113092.76,Alpha,1997-10-11,Marketing,Los Angeles
527,James Hammond,Analyst,43256.11,Beta,1998-09-26,Marketing,Los Angeles
528,Heather Sutton,Consultant,132906.73,Alpha,1973-08-13,Marketing,Los Angeles
534,John Rosales,Manager,83264.33,Project2,2002-08-28,Marketing,Los Angeles
538,Tony Patterson,Developer,60825.33,Project6,1971-02-09,Marketing,Los Angeles
543,Mrs. Jennifer Blackwell,Developer,68601.49,Project5,2021-08-05,Marketing,Los Angeles
544,Mary Evans,Consultant,108717.62,Project3,1995-03-15,Marketing,Los Angeles
549,Catherine Guerra,Manager,51055.14,Project2,2011-02-24,Marketing,Los Angeles
552,Brian Luna,Engineer,145303.11,Delta,1977-08-19,Marketing,Los Angeles
558,Thomas Costa,Engineer,126039.92,Project2,2016-12-29,Marketing,Los Angeles
563,Alan Bartlett,Manager,119269.58,Project5,1970-02-08,Marketing,Los Angeles
567,Allen Miller,Analyst,41491.56,Project3,1993-04-23,Marketing,Los Angeles
569,Corey Rios,Consultant,47715.7,Project4,2021-08-13,Marketing,Los Angeles
576,Rebecca Martinez,Developer,79443.71,Project1,1971-08-17,Marketing,Los Angeles
579,Stacy Browning,Engineer,92036.82,Project6,1979-10-24,Marketing,Los Angeles
581,Sandra Washington,Consultant,63207.63,Project1,1977-10-08,Marketing,Los Angeles
583,Brian Scott,Developer,76032.51,Gamma,1987-02-24,Marketing,Los Angeles
588,Sheryl Morgan,Analyst,102382.26,Project3,2014-11-13,Marketing,Los Angeles
594,Madison Brown,Manager,94599.13,Project2,2023-10-04,Marketing,Los Angeles
599,Melissa Smith,Consultant,91623.53,Delta,2005-10-20,Marketing,Los Angeles
601,Jason Livingston,Engineer,130000.43,Project5,2010-01-14,Marketing,Los Angeles
620,Curtis Holt,Analyst,87763.07,Project3,1992-01-23,Marketing,Los Angeles
626,Timothy Figueroa,Consultant,81814.88,Alpha,1988-07-04,Marketing,Los Angeles
635,Douglas Stuart,Engineer,52469.53,Project2,2015-05-04,Marketing,Los Angeles
636,Scott Harrison,Engineer,74859.13,Project3,2021-09-23,Marketing,Los Angeles
640,Daniel Gomez,Engineer,91556.1,Alpha,1981-05-18,Marketing,Los Angeles
649,Henry Ryan,Manager,52522.02,Beta,1995-07-12,Marketing,Los Angeles
652,Mr. Ryan Carter,Analyst,82007.8,Delta,2007-10-11,Marketing,Los Angeles
660,Reginald Brown,Engineer,102312.87,Delta,1991-03-12,Marketing,Los Angeles
678,Ann Ortiz,Analyst,68726.47,Beta,2007-02-15,Marketing,Los Angeles
680,Antonio Brown,Developer,148214.7,Project2,1980-11-26,Marketing,Los Angeles
682,Teresa Mccoy,Engineer,129666.25,Delta,1987-11-17,Marketing,Los Angeles
684,Bobby Franklin,Engineer,128325.66,Delta,2009-11-03,Marketing,Los Angeles
694,Rachael Schwartz,Consultant,43942.17,Alpha,2018-05-23,Marketing,Los Angeles
697,Henry Francis,Consultant,58176.04,Project2,2005-07-19,Marketing,Los Angeles
699,Philip Christian,Analyst,142581.4,Project6,1996-03-26,Marketing,Los Angeles
707,Robert Pollard,Manager,126945.21,Gamma,2001-07-08,Marketing,Los Angeles
715,Samantha Christensen,Developer,137305.79,Project3,2011-12-14,Marketing,Los Angeles
719,Andrew Bell,Developer,79203.45,Delta,2001-02-08,Marketing,Los Angeles
722,David Johnson,Manager,127749.66,Project1,2014-09-27,Marketing,Los Angeles
738,Todd Vang,Engineer,120807.49,Alpha,1980-10-24,Marketing,Los Angeles
739,Cindy Rodriguez MD,Consultant,99923.96,Project6,1982-06-16,Marketing,Los Angeles
743,Anthony Estrada Jr.,Engineer,134662.48,Project6,1982-06-13,Marketing,Los Angeles
747,Michelle Allen,Consultant,71252.9,Project6,1999-09-14,Marketing,Los Angeles
748,Jennifer Gibbs,Consultant,44851.25,Project2,1984-02-14,Marketing,Los Angeles
751,Sandra Murphy,Manager,144385.95,Project4,1995-07-15,Marketing,Los Angeles
755,Matthew Clarke,Manager,95635.61,Project2,1989-11-03,Marketing,Los Angeles
765,Michele Palmer,Consultant,142786.89,Project6,2002-09-04,Marketing,Los Angeles
776,Mary Castro,Developer,50138.89,Gamma,1997-05-13,Marketing,Los Angeles
777,Shelley Burton,Analyst,146210.87,Project3,2011-06-03,Marketing,Los Angeles
779,Nicole Lane,Analyst,85224.37,Alpha,1998-06-16,Marketing,Los Angeles
785,Nicole Burton,Engineer,40047.79,Delta,1999-03-19,Marketing,Los Angeles
787,Kimberly Jones,Consultant,49455.83,Project4,1996-12-15,Marketing,Los Angeles
789,Valerie Moreno,Engineer,84831.03,Project1,2014-07-30,Marketing,Los Angeles
790,Corey Lee,Manager,127927.52,Delta,2011-03-14,Marketing,Los Angeles
791,Amy Randolph,Manager,116887.17,Project5,1998-04-09,Marketing,Los Angeles
792,Timothy Hunt,Manager,77656.72,Gamma,2009-03-21,Marketing,Los Angeles
810,Melissa Johnson,Engineer,111003.38,Omega,1986-01-09,Marketing,Los Angeles
816,Christina Hansen,Developer,42680.01,Omega,2002-09-10,Marketing,Los Angeles
817,Dana Chan,Engineer,113501.44,Project3,1980-12-28,Marketing,Los Angeles
822,Allison Day,Manager,47980.74,Gamma,2004-10-22,Marketing,Los Angeles
827,Kellie Walters,Manager,107589.69,Project4,1991-05-02,Marketing,Los Angeles
839,Melissa Norris,Developer,90586.14,Beta,1974-11-10,Marketing,Los Angeles
846,James Kirk,Consultant,128644.04,Beta,1979-02-15,Marketing,Los Angeles
855,Melinda Morgan,Analyst,99770.23,Gamma,1994-05-19,Marketing,Los Angeles
856,Yvonne Baker,Analyst,49464.46,Delta,1992-05-28,Marketing,Los Angeles
866,Sandra Werner,Consultant,87946.34,Project1,1983-04-10,Marketing,Los Angeles
875,Danielle Cole,Developer,149718.99,Beta,2007-04-11,Marketing,Los Angeles
882,David Dickerson,Consultant,49773.36,Alpha,1986-09-11,Marketing,Los Angeles
886,James Huynh,Manager,76137.49,Delta,1981-10-08,Marketing,Los Angeles
895,Tim Mcguire,Developer,147927.26,Project5,1986-04-08,Marketing,Los Angeles
900,Katherine Fernandez,Analyst,148473.42,Project1,1979-04-21,Marketing,Los Angeles
904,Dominique Stone,Analyst,107269.13,Gamma,1985-09-03,Marketing,Los Angeles
905,Edward Freeman,Analyst,80724.77,Project2,1991-07-18,Marketing,Los Angeles
906,Brianna Hughes,Consultant,43695.87,Alpha,1999-06-27,Marketing,Los Angeles
916,Jacob Rodriguez,Engineer,40170.8,Alpha,1977-11-19,Marketing,Los Angeles
917,Todd Sparks,Consultant,81608.56,Alpha,1970-06-25,Marketing,Los Angeles
922,David Henderson,Engineer,124786.91,Project6,2022-12-15,Marketing,Los Angeles
933,Virginia Hendrix,Engineer,115038.05,Project3,2000-09-17,Marketing,Los Angeles
938,Nicholas Huang,Consultant,146906.96,Omega,1988-04-16,Marketing,Los Angeles
943,Christopher Robinson,Manager,57157.51,Project4,2007-10-20,Marketing,Los Angeles
944,Beth Frey,Developer,97292.65,Project3,1988-04-20,Marketing,Los Angeles
945,Stephanie Gillespie,Consultant,118756.38,Project6,2020-01-26,Marketing,Los Angeles
950,Ashlee David,Analyst,109904.77,Beta,1972-11-18,Marketing,Los Angeles
954,Jacqueline Lee,Consultant,69710.43,Project2,2009-06-05,Marketing,Los Angeles
958,Angela James,Engineer,145327.74,Beta,1970-07-25,Marketing,Los Angeles
962,Andrea Richards,Manager,147544.11,Project6,1994-03-13,Marketing,Los Angeles
963,Marissa Bradley,Analyst,107252.98,Omega,1983-10-16,Marketing,Los Angeles
970,Jessica Jones,Engineer,113158.3,Project5,1976-06-28,Marketing,Los Angeles
987,Deborah Browning,Analyst,64944.83,Beta,1985-11-27,Marketing,Los Angeles
989,Alex Hernandez,Engineer,73212.21,Alpha,1983-02-25,Marketing,Los Angeles
1,John Santiago,Engineer,75429.14,Delta,1996-10-20,Marketing,Los Angeles
3,Ricky Rogers,Developer,81006.51,Delta,1991-12-30,Marketing,Los Angeles
14,Ryan Wood,Analyst,140456.24,Delta,1976-02-10,Marketing,Los Angeles
15,Gary Davis,Consultant,70837.17,Gamma,1973-03-07,Marketing,Los Angeles
17,Kiara Walsh,Analyst,60968.79,Project4,1990-03-05,Marketing,Los Angeles
21,Sonya Allen MD,Analyst,142665.95,Project4,2016-07-30,Marketing,Los Angeles
22,Timothy Cox,Analyst,124583.33,Project2,1979-03-27,Marketing,Los Angeles
27,Jennifer Fuller,Manager,84883.82,Gamma,2008-09-20,Marketing,Los Angeles
28,James Sherman,Analyst,120389.38,Beta,1991-12-28,Marketing,Los Angeles
29,Amber Silva,Engineer,102322.75,Project6,1988-01-13,Marketing,Los Angeles
31,Andrea Randall,Analyst,125146.33,Project2,2001-09-06,Marketing,Los Angeles
43,Julie Blankenship,Manager,99205.39,Alpha,1980-03-07,Marketing,Los Angeles
44,Dylan Dominguez,Consultant,104031.01,Project3,2019-09-13,Marketing,Los Angeles
46,Brenda Taylor,Consultant,80089.62,Project1,1997-03-20,Marketing,Los Angeles
79,Gregory Dean,Engineer,96970.28,Project1,2004-01-30,Marketing,Los Angeles
84,Meredith Jones,Developer,79729.0,Project2,1993-12-19,Marketing,Los Angeles
95,Joel Vincent,Manager,80539.78,Project3,1974-11-04,Marketing,Los Angeles
99,Catherine Sullivan,Manager,136438.0,Project6,1984-09-07,Marketing,Los Angeles
102,Anthony Barton,Developer,51640.14,Project4,2009-01-24,Marketing,Los Angeles
103,Jeffery Martin,Analyst,114972.47,Project5,2020-06-18,Marketing,Los Angeles
104,Kevin Mercer,Consultant,134344.81,Omega,1978-03-19,Marketing,Los Angeles
108,Jill English,Analyst,58928.25,Alpha,2004-11-19,Marketing,Los Angeles
123,Karen Coffey,Manager,140328.78,Project4,2012-05-01,Marketing,Los Angeles
136,Matthew Hanson,Manager,128369.26,Project6,1981-01-23,Marketing,Los Angeles
144,Julie Brooks,Consultant,51512.48,Omega,1973-11-14,Marketing,Los Angeles
146,Michael White,Manager,112550.17,Delta,1978-09-12,Marketing,Los Angeles
150,Kimberly Campbell,Developer,56693.78,Delta,2016-02-09,Marketing,Los Angeles
151,Lorraine Garcia,Developer,122474.13,Project6,2000-03-05,Marketing,Los Angeles
162,Peggy Meyer,Consultant,58835.42,Project4,1994-04-13,Marketing,Los Angeles
175,Kathryn Peterson,Manager,66279.25,Project1,2002-06-25,Marketing,Los Angeles
177,Sydney Baker,Analyst,65443.95,Project2,1997-04-25,Marketing,Los Angeles
178,Melanie Schaefer,Analyst,76656.01,Project4,1970-09-05,Marketing,Los Angeles
180,Christy Jones,Engineer,49332.66,Project1,2014-02-11,Marketing,Los Angeles
181,Cody Ross,Engineer,88863.78,Project1,1981-05-06,Marketing,Los Angeles
185,Bradley Mullins,Analyst,94361.96,Project6,1986-05-19,Marketing,Los Angeles
188,Brenda Wilson,Engineer,55408.24,Beta,2004-09-10,Marketing,Los Angeles
196,Samuel Johnson,Analyst,40668.04,Beta,2024-12-13,Marketing,Los Angeles
199,Caroline Young,Consultant,42010.53,Delta,1987-12-09,Marketing,Los Angeles
200,Lance Williams,Analyst,79789.64,Project1,2004-11-24,Marketing,Los Angeles
201,Robert Ramirez,Engineer,71987.18,Project1,2014-02-12,Marketing,Los Angeles
205,John Schneider,Engineer,88925.64,Project4,1993-06-27,Marketing,Los Angeles
217,Kelly Wyatt,Analyst,102671.12,Project3,2005-10-16,Marketing,Los Angeles
220,Jennifer Garcia,Manager,102402.78,Alpha,1990-10-29,Marketing,Los Angeles
221,Richard White,Manager,97611.83,Project5,2009-06-14,Marketing,Los Angeles
232,Sara Mcguire,Developer,113674.7,Project5,2012-03-05,Marketing,Los Angeles
244,Melinda Ruiz,Analyst,58744.39,Project5,2006-10-08,Marketing,Los Angeles
252,Tyler Brown,Engineer,55047.65,Project5,1994-12-19,Marketing,Los Angeles
256,Richard Martin,Manager,95638.88,Alpha,2007-02-08,Marketing,Los Angeles
261,Jill Moyer,Consultant,110526.69,Alpha,1984-06-19,Marketing,Los Angeles
269,Lisa Franklin,Analyst,134016.27,Beta,1999-10-03,Marketing,Los Angeles
272,Frank Martin,Consultant,148027.9,Project3,2024-02-18,Marketing,Los Angeles
273,Stephanie Pierce,Consultant,106981.27,Alpha,1978-07-11,Marketing,Los Angeles
275,Marvin Dixon,Analyst,96593.06,Project5,1973-04-14,Marketing,Los Angeles
277,Brian Gray,Analyst,60372.01,Project1,1992-09-09,Marketing,Los Angeles
278,Victor Weeks,Manager,104484.53,Project2,2013-10-20,Marketing,Los Angeles
283,Michael Jackson,Developer,134125.6,Project4,2010-07-06,Marketing,Los Angeles
288,Alyssa Young,Consultant,132011.87,Project3,1982-05-14,Marketing,Los Angeles
290,Diana Gray,Engineer,73472.04,Omega,1997-07-30,Marketing,Los Angeles
297,Jesus Charles,Consultant,57599.83,Project1,1997-07-11,Marketing,Los Angeles
305,Chris Jones,Analyst,98172.76,Project5,1991-07-05,Marketing,Los Angeles
310,Jose Walls,Engineer,68908.6,Project2,1989-08-13,Marketing,Los Angeles
317,Tracy Mitchell,Developer,142159.89,Beta,1988-06-30,Marketing,Los Angeles
320,Travis Allen,Manager,86128.2,Project6,1982-12-11,Marketing,Los Angeles
323,Cassandra Arnold,Engineer,103874.67,Project3,1996-09-15,Marketing,Los Angeles
326,Katelyn Faulkner,Developer,48928.61,Alpha,2003-01-26,Marketing,Los Angeles
331,Mary Turner,Engineer,56580.5,Project2,2001-02-10,Marketing,Los Angeles
332,Jeffery Foley,Consultant,118983.8,Project6,1994-06-02,Marketing,Los Angeles
335,Ian Nguyen,Analyst,69220.73,Project4,1977-11-17,Marketing,Los Angeles
340,James Stevens,Consultant,146917.91,Project1,2007-07-31,Marketing,Los Angeles
346,Douglas Mckenzie,Analyst,107675.74,Project1,1983-12-10,Marketing,Los Angeles
357,Misty Anderson,Manager,124207.65,Alpha,2009-07-03,Marketing,Los Angeles
358,Troy Fuller,Engineer,85299.81,Project3,1984-06-18,Marketing,Los Angeles
367,Amanda Clark,Engineer,97212.73,Project4,1985-12-18,Marketing,Los Angeles
371,Sherry Johnston,Consultant,140447.43,Delta,1995-04-22,Marketing,Los Angeles
376,Jeff Welch,Analyst,55132.49,Beta,2017-07-17,Marketing,Los Angeles
380,Ronald Berry,Analyst,120047.92,Project6,2016-01-24,Marketing,Los Angeles
384,Vanessa Stewart,Consultant,127447.67,Project2,2008-07-02,Marketing,Los Angeles
388,John Alvarado,Engineer,149507.18,Project1,2011-07-19,Marketing,Los Angeles
396,Drew Cruz,Developer,62384.37,Project3,1993-02-05,Marketing,Los Angeles
397,Lisa Carter,Manager,45359.64,Omega,2014-07-28,Marketing,Los Angeles
408,April Taylor,Developer,62503.84,Beta,1985-09-29,Marketing,Los Angeles
417,Benjamin Townsend,Consultant,47600.4,Project5,2003-12-19,Marketing,Los Angeles
439,Danielle Brown,Manager,113094.66,Project2,2022-01-08,Marketing,Los Angeles
444,Natalie Young,Developer,133653.51,Project4,1981-07-03,Marketing,Los Angeles
450,Darren Watson,Consultant,42707.26,Project4,2011-11-11,Marketing,Los Angeles
451,Christine Arnold,Developer,72000.41,Project3,2019-06-15,Marketing,Los Angeles
457,Stephanie Richardson,Developer,96426.72,Project4,2006-10-01,Marketing,Los Angeles
462,Angela Simmons,Analyst,48974.92,Project5,1997-12-24,Marketing,Los Angeles
466,Gail Velasquez MD,Consultant,72307.39,Omega,2022-03-20,Marketing,Los Angeles
467,Matthew Smith,Manager,46907.57,Project3,2009-03-06,Marketing,Los Angeles
472,Michelle Smith,Analyst,123857.16,Gamma,1995-11-04,Marketing,Los Angeles
474,Jason Smith,Engineer,149100.15,Project5,2019-01-28,Marketing,Los Angeles
475,Mark Green,Engineer,113501.52,Omega,2016-09-01,Marketing,Los Angeles
482,David Roberts III,Consultant,96251.42,Beta,2015-08-02,Marketing,Los Angeles
484,Karen Lewis,Developer,52370.92,Project6,1988-01-20,Marketing,Los Angeles
485,Lori Lang,Engineer,77427.91,Project4,1981-06-24,Marketing,Los Angeles
486,Benjamin Bryant,Developer,81921.9,Project3,2022-12-23,Marketing,Los Angeles
490,Nancy Jackson,Developer,61476.75,Project5,1970-01-31,Marketing,Los Angeles
498,Timothy Manning,Manager,53998.65,Alpha,1974-07-07,Marketing,Los Angeles
500,Ryan Lopez,Manager,88642.2,Project2,2013-05-12,Marketing,Los Angeles
508,James Black,Engineer,60736.58,Omega,1998-11-23,Marketing,Los Angeles
511,Sherri Wilson,Engineer,78070.16,Project6,1994-11-12,Marketing,Los Angeles
520,Anthony Weaver,Manager,46592.19,Omega,1996-11-16,Marketing,Los Angeles
521,Larry Sanchez,Engineer,126908.01,Project4,1989-10-15,Marketing,Los Angeles
526,Michelle Bryant,Consultant,58881.05,Beta,2012-10-30,Marketing,Los Angeles
530,Laura Phillips,Developer,98004.54,Project6,2022-03-06,Marketing,Los Angeles
533,Loretta Espinoza,Manager,100209.85,Project6,1977-10-27,Marketing,Los Angeles
542,Michele Butler,Engineer,130495.83,Beta,2020-04-10,Marketing,Los Angeles
546,Dr. Matthew Harris,Analyst,97946.43,Delta,1979-04-12,Marketing,Los Angeles
548,Ashley Crawford,Engineer,103311.68,Omega,1982-02-27,Marketing,Los Angeles
555,Lauren Webb,Manager,104638.09,Project5,1970-04-06,Marketing,Los Angeles
566,Paul Fernandez,Engineer,139401.74,Project2,2011-01-28,Marketing,Los Angeles
568,Patrick Evans,Manager,59195.0,Delta,2010-08-07,Marketing,Los Angeles
590,Cheyenne Martin,Engineer,76713.57,Omega,2003-11-29,Marketing,Los Angeles
598,Lisa Cobb,Consultant,87226.79,Project4,1995-11-17,Marketing,Los Angeles
600,Charles Melton,Developer,140513.56,Alpha,1972-11-29,Marketing,Los Angeles
610,Carolyn Choi,Consultant,132754.35,Project1,2005-08-23,Marketing,Los Angeles
612,Barbara Knox,Engineer,41987.3,Project2,1980-04-02,Marketing,Los Angeles
619,Alexander Hughes,Engineer,134208.39,Delta,1983-01-17,Marketing,Los Angeles
621,Christina Murphy,Engineer,102648.05,Omega,2018-12-12,Marketing,Los Angeles
622,Jamie Wilson,Engineer,92920.97,Gamma,1994-06-07,Marketing,Los Angeles
623,Nathan Booker,Developer,90504.75,Project3,1990-02-22,Marketing,Los Angeles
625,Michele Soto,Analyst,119093.55,Project5,1990-06-28,Marketing,Los Angeles
627,Jessica Rasmussen,Analyst,138674.0,Beta,1990-09-07,Marketing,Los Angeles
629,Jasmine Brown,Developer,123673.05,Project6,2018-12-18,Marketing,Los Angeles
633,Nathaniel Chaney,Consultant,86314.13,Project6,1976-06-25,Marketing,Los Angeles
634,Amber Bass,Developer,95143.37,Project1,2003-05-07,Marketing,Los Angeles
646,Sean Lambert,Developer,92464.98,Project5,1978-11-14,Marketing,Los Angeles
648,Michael Hardy,Developer,108100.97,Gamma,1981-10-02,Marketing,Los Angeles
650,Megan Fields,Analyst,86811.09,Gamma,1973-07-16,Marketing,Los Angeles
655,Raymond Foster,Analyst,125916.92,Project6,2021-11-22,Marketing,Los Angeles
657,Dr. Elijah Oconnor,Analyst,60697.18,Project5,1970-10-21,Marketing,Los Angeles
658,Hannah Alexander,Analyst,118248.08,Gamma,2022-08-31,Marketing,Los Angeles
659,Jennifer Roberts,Engineer,65770.26,Omega,2009-09-08,Marketing,Los Angeles
666,Joshua Daniels,Developer,110533.48,Project2,2002-11-09,Marketing,Los Angeles
670,Tina Perez,Developer,115453.27,Project1,2021-03-20,Marketing,Los Angeles
676,Mario Ponce,Consultant,108421.19,Project2,1980-02-01,Marketing,Los Angeles
683,Roy Johnston,Developer,50057.76,Alpha,2001-11-01,Marketing,Los Angeles
685,Charles Harris,Developer,139554.81,Project2,2014-11-30,Marketing,Los Angeles
690,Nicholas Brown,Analyst,79302.46,Project5,2015-08-25,Marketing,Los Angeles
696,Mrs. Julia Gordon,Developer,77966.25,Project2,1991-02-10,Marketing,Los Angeles
702,Jared Martin,Analyst,130346.65,Project6,2014-04-02,Marketing,Los Angeles
704,Troy Perez,Developer,66406.18,Project6,1980-03-31,Marketing,Los Angeles
706,Kenneth Hanson,Consultant,64643.49,Delta,2001-06-30,Marketing,Los Angeles
709,Luke Walker,Analyst,54829.96,Beta,2024-09-28,Marketing,Los Angeles
713,Miss Dawn Fox,Consultant,92416.7,Project2,2015-10-19,Marketing,Los Angeles
716,Jonathan Rodriguez,Consultant,103244.96,Project1,1991-11-03,Marketing,Los Angeles
720,Leslie Walters,Manager,91734.5,Project4,2006-10-16,Marketing,Los Angeles
721,William Cooper,Developer,47054.26,Project3,1985-10-29,Marketing,Los Angeles
724,Leslie Lee,Developer,91672.56,Project4,1983-12-08,Marketing,Los Angeles
726,Lori Ellis,Analyst,94570.54,Project2,1975-12-31,Marketing,Los Angeles
728,Brian Clarke,Manager,96132.51,Project1,1977-05-01,Marketing,Los Angeles
729,Heather Weber,Analyst,65790.42,Beta,1973-01-12,Marketing,Los Angeles
733,Geoffrey Vincent,Developer,146162.43,Project3,1970-06-22,Marketing,Los Angeles
735,Lauren Moore,Analyst,110724.17,Project4,1994-05-13,Marketing,Los Angeles
740,Donna Johnson,Consultant,85054.69,Alpha,1988-09-13,Marketing,Los Angeles
746,Christopher Hudson,Developer,110749.63,Project2,2014-12-11,Marketing,Los Angeles
749,Nicholas Johnson,Manager,147239.06,Project6,1980-05-14,Marketing,Los Angeles
758,Faith Scott MD,Consultant,70794.52,Project6,2001-06-16,Marketing,Los Angeles
761,Elizabeth Bailey,Engineer,54222.24,Alpha,2000-11-06,Marketing,Los Angeles
766,Nicole Mullins,Engineer,68219.8,Alpha,1999-11-27,Marketing,Los Angeles
771,Alexandra Lester,Manager,75343.99,Project4,1998-08-19,Marketing,Los Angeles
775,Dr. Jessica Taylor PhD,Consultant,47091.09,Project5,2023-03-17,Marketing,Los Angeles
781,Brian Moore,Developer,54816.91,Omega,1973-08-04,Marketing,Los Angeles
782,Erin Hoffman,Engineer,45987.59,Project2,1987-04-17,Marketing,Los Angeles
784,John Barnes,Manager,109324.43,Omega,1985-06-20,Marketing,Los Angeles
786,Gabriel Hamilton,Manager,79682.9,Project5,2024-05-23,Marketing,Los Angeles
794,Deanna Ross,Analyst,100759.83,Omega,1998-05-11,Marketing,Los Angeles
812,Lisa Flores,Engineer,140120.98,Project4,1970-07-06,Marketing,Los Angeles
818,Daisy Scott,Engineer,79422.4,Beta,1974-08-14,Marketing,Los Angeles
821,Stacey Wright,Consultant,138465.22,Omega,2017-12-19,Marketing,Los Angeles
824,Mark Hughes,Manager,122797.38,Project2,2016-02-13,Marketing,Los Angeles
826,Megan Shaw,Manager,127873.83,Project3,2007-10-31,Marketing,Los Angeles
829,Kevin Grant,Analyst,143312.79,Project6,1973-09-29,Marketing,Los Angeles
830,Michelle Sparks,Developer,47229.17,Project4,1974-03-05,Marketing,Los Angeles
835,Catherine Tate,Analyst,47941.33,Project6,1974-04-25,Marketing,Los Angeles
850,Jennifer White,Consultant,126663.76,Delta,2013-05-21,Marketing,Los Angeles
851,Brian Martinez,Consultant,62852.81,Beta,2006-08-14,Marketing,Los Angeles
852,Jennifer Maynard,Developer,110795.85,Project5,2022-07-14,Marketing,Los Angeles
859,Benjamin Compton,Developer,53958.98,Project5,2009-03-11,Marketing,Los Angeles
864,Brian Wallace PhD,Analyst,68189.51,Delta,2023-08-12,Marketing,Los Angeles
868,Anthony Bowman,Developer,123383.75,Delta,1986-09-24,Marketing,Los Angeles
869,Madison Bird,Developer,137444.36,Project1,1973-04-12,Marketing,Los Angeles
876,John Richards,Consultant,139782.35,Beta,2016-10-10,Marketing,Los Angeles
879,David Bradshaw,Consultant,115805.52,Beta,1982-05-18,Marketing,Los Angeles
888,Crystal Meyer,Developer,148664.72,Project1,2000-02-03,Marketing,Los Angeles
897,Mark Johnson,Analyst,48339.07,Project1,2020-10-16,Marketing,Los Angeles
907,Daniel Barton,Engineer,141300.76,Alpha,1972-03-30,Marketing,Los Angeles
919,Timothy Wood,Analyst,81406.95,Project5,1977-11-21,Marketing,Los Angeles
921,Mark Peters,Engineer,99952.16,Project1,2017-09-08,Marketing,Los Angeles
927,Jennifer Gonzalez,Analyst,92750.6,Alpha,1980-11-19,Marketing,Los Angeles
928,David Mueller,Engineer,42820.72,Alpha,1988-08-28,Marketing,Los Angeles
941,Samantha Hebert,Manager,55701.37,Project1,2011-07-12,Marketing,Los Angeles
949,Shelby White,Analyst,101891.97,Project4,2017-07-14,Marketing,Los Angeles
957,Victor Price,Engineer,122296.18,Project1,2000-08-08,Marketing,Los Angeles
964,Karen Maldonado,Engineer,138593.82,Delta,1976-10-25,Marketing,Los Angeles
968,Jeffrey Benjamin,Analyst,47064.18,Project2,1975-05-23,Marketing,Los Angeles
981,Kenneth Medina,Consultant,103283.28,Project4,2013-10-12,Marketing,Los Angeles
985,Jessica Herrera,Engineer,144716.78,Omega,1977-09-03,Marketing,Los Angeles
988,Anthony Schroeder,Engineer,55703.57,Project2,2010-02-05,Marketing,Los Angeles
992,Anthony Mendoza,Manager,77502.45,Project5,2004-07-15,Marketing,Los Angeles
998,Collin Schneider,Developer,97279.0,Project6,1981-02-25,Marketing,Los Angeles
999,Kari Hernandez,Developer,82887.86,Gamma,2007-02-24,Marketing,Los Angeles
2,Deborah Murray,Engineer,145726.55,Delta,2009-09-02,Operations,Seattle
8,Tanya King,Engineer,135356.01,Delta,1992-01-04,Operations,Seattle
12,Candice Smith,Engineer,110120.03,Delta,2004-04-18,Operations,Seattle
25,Karen Williams,Consultant,112567.59,Beta,1993-03-08,Operations,Seattle
32,Jason Obrien,Engineer,107650.78,Delta,2018-08-01,Operations,Seattle
42,Lynn Bruce,Manager,139639.99,Project4,1979-02-27,Operations,Seattle
48,Peter Moore,Manager,103561.94,Project2,1986-06-08,Operations,Seattle
52,John Dickerson,Analyst,86766.71,Project4,2009-05-02,Operations,Seattle
55,Maria Cruz,Consultant,103697.06,Gamma,1997-07-16,Operations,Seattle
57,Regina Hudson,Developer,139588.72,Omega,1997-12-29,Operations,Seattle
61,Julie Smith,Manager,78508.34,Project4,2000-05-22,Operations,Seattle
67,Ashley Howell,Consultant,106326.46,Project2,2016-03-26,Operations,Seattle
76,Meagan Douglas,Engineer,78451.43,Project5,1973-11-23,Operations,Seattle
82,Brian Estrada,Developer,78763.19,Project4,1974-12-10,Operations,Seattle
83,Kaitlyn Stewart,Manager,118861.42,Project6,1998-05-03,Operations,Seattle
86,Erik Davis,Engineer,78808.21,Gamma,2004-05-21,Operations,Seattle
93,Kimberly Gonzalez,Developer,49809.03,Project5,1971-05-06,Operations,Seattle
96,David Pitts,Analyst,41301.45,Alpha,1991-04-16,Operations,Seattle
98,Catherine Daniels,Developer,103366.2,Project5,1988-02-12,Operations,Seattle
111,Michelle Hernandez,Consultant,119800.33,Delta,1977-05-05,Operations,Seattle
114,Stephanie Maxwell,Consultant,44889.89,Project2,1974-05-31,Operations,Seattle
115,Melanie Walker,Developer,113224.5,Project5,1971-03-22,Operations,Seattle
117,Matthew Peters,Engineer,81911.19,Project4,1995-05-11,Operations,Seattle
118,Tonya Martin,Developer,129267.61,Project1,1990-03-24,Operations,Seattle
134,Michael Rivers,Manager,129925.58,Alpha,2021-03-26,Operations,Seattle
139,Nathan Campbell,Analyst,57613.85,Project2,1984-10-14,Operations,Seattle
142,Laura Johnson,Manager,136346.65,Project6,2021-03-30,Operations,Seattle
161,Linda Wilson,Developer,131052.03,Gamma,2007-04-08,Operations,Seattle
165,Melissa Ramos,Manager,48495.59,Project5,1988-06-04,Operations,Seattle
166,Melissa Smith,Consultant,140341.04,Project6,1985-08-02,Operations,Seattle
171,Joshua Simmons,Analyst,57274.67,Omega,1990-10-12,Operations,Seattle
189,Kristin Mercer,Manager,144230.24,Beta,1971-10-26,Operations,Seattle
191,Derrick Moses,Developer,90361.84,Gamma,1993-08-27,Operations,Seattle
192,Alejandra Coleman,Analyst,63004.62,Delta,1985-08-22,Operations,Seattle
194,Patrick Wells,Manager,115258.25,Omega,2014-07-03,Operations,Seattle
198,Susan Crawford,Consultant,127468.34,Project1,1991-04-26,Operations,Seattle
202,Aaron Bryant,Manager,115019.92,Alpha,2019-10-15,Operations,Seattle
203,Calvin Barnes,Manager,127423.33,Beta,2010-02-08,Operations,Seattle
204,Ms. Deborah Howard,Consultant,90915.32,Alpha,1982-07-06,Operations,Seattle
211,Mark Wilson,Engineer,99320.69,Project4,2002-05-22,Operations,Seattle
216,Beth Leach,Engineer,41358.19,Omega,1986-02-22,Operations,Seattle
223,Alice Anderson,Developer,45957.18,Project2,2016-10-06,Operations,Seattle
229,Edwin Miller,Engineer,105061.71,Delta,1981-09-05,Operations,Seattle
242,Donald Lee,Developer,145495.52,Omega,2015-03-14,Operations,Seattle
249,Christopher Villarreal,Consultant,51469.18,Project6,1989-01-10,Operations,Seattle
257,Elizabeth Harrison,Manager,119283.36,Project4,1971-06-29,Operations,Seattle
259,Joseph Martinez,Analyst,58959.15,Delta,2013-07-10,Operations,Seattle
262,Donald Andrade,Consultant,144159.44,Gamma,2022-10-01,Operations,Seattle
264,Kevin Nicholson,Manager,112676.63,Project6,2021-09-15,Operations,Seattle
268,Marissa Diaz,Engineer,96796.36,Project6,1995-10-09,Operations,Seattle
279,David Walker,Consultant,44493.47,Project2,1994-09-24,Operations,Seattle
281,Joseph Davis,Engineer,126722.18,Delta,1982-12-10,Operations,Seattle
284,Dylan Wilson,Analyst,82337.68,Project6,1983-02-25,Operations,Seattle
286,Tiffany Stevens,Analyst,128166.85,Project1,1998-10-14,Operations,Seattle
294,Brandon Roberts,Engineer,134031.73,Gamma,1994-11-22,Operations,Seattle
308,Robert Pena,Consultant,106397.38,Project4,2011-06-05,Operations,Seattle
311,Alexis Jenkins,Developer,60982.89,Beta,2011-12-23,Operations,Seattle
325,William Hartman,Manager,104920.42,Project3,2005-11-19,Operations,Seattle
329,Joseph Lamb,Engineer,88468.43,Project3,1992-12-18,Operations,Seattle
338,April Galloway,Engineer,143671.2,Beta,1999-08-03,Operations,Seattle
341,Dr. Craig Lee,Engineer,113440.53,Delta,1974-02-07,Operations,Seattle
345,Summer Cooley,Analyst,57253.56,Project5,2017-04-15,Operations,Seattle
348,Erika Cooper,Consultant,59070.57,Omega,1994-11-20,Operations,Seattle
354,Rodney Williams,Analyst,91463.81,Delta,1974-06-04,Operations,Seattle
355,Mary Lewis,Consultant,92229.16,Delta,1978-02-21,Operations,Seattle
361,Cody Bruce,Analyst,64106.5,Project4,1976-10-26,Operations,Seattle
381,Tracy Phillips,Developer,147414.27,Project5,2024-10-30,Operations,Seattle
382,Martha Hunter,Manager,144919.26,Project6,1994-05-22,Operations,Seattle
390,Christina Bell,Engineer,138624.67,Project2,1986-12-15,Operations,Seattle
392,William Walsh,Engineer,114790.17,Alpha,1977-12-29,Operations,Seattle
411,George Raymond,Manager,109566.29,Project3,1970-09-03,Operations,Seattle
413,Brittany Gonzalez,Manager,95930.88,Project2,2022-06-28,Operations,Seattle
414,Jennifer Cox,Developer,83767.94,Project2,1994-12-17,Operations,Seattle
416,Christopher Cabrera,Engineer,47812.17,Project2,2002-09-16,Operations,Seattle
420,Robert Gomez,Engineer,146838.21,Alpha,1984-10-05,Operations,Seattle
422,William Smith,Consultant,115367.87,Delta,2010-09-27,Operations,Seattle
424,Timothy Wiggins,Engineer,83977.92,Beta,1986-01-28,Operations,Seattle
425,Rebecca Harris,Manager,56840.13,Project1,2019-06-10,Operations,Seattle
427,Mrs. Mary Jackson,Engineer,43085.08,Project5,2006-03-05,Operations,Seattle
431,Ricardo Allen,Developer,105940.97,Project4,2021-01-09,Operations,Seattle
432,Rebecca Ponce,Consultant,149051.76,Project3,1970-12-11,Operations,Seattle
436,Dawn Wood,Analyst,138022.2,Omega,2004-04-19,Operations,Seattle
442,Eduardo Johnson,Manager,86712.91,Project2,1988-09-06,Operations,Seattle
445,Larry Gay,Developer,79274.46,Project3,2016-01-25,Operations,Seattle
446,Frank Adams,Engineer,118602.57,Project3,1988-12-08,Operations,Seattle
448,Evelyn Adkins,Manager,129365.98,Gamma,1994-11-05,Operations,Seattle
453,Connie White,Analyst,100795.54,Project4,1987-01-15,Operations,Seattle
454,Anne Johnson,Manager,79449.51,Project1,2022-09-19,Operations,Seattle
456,Hailey Hernandez,Consultant,60176.19,Delta,1987-12-09,Operations,Seattle
463,Jennifer Boyer,Developer,82259.5,Project5,2017-07-03,Operations,Seattle
473,Christy Salazar,Engineer,114936.92,Gamma,2013-05-05,Operations,Seattle
478,Dr. Justin Smith,Developer,92135.26,Project2,2012-05-25,Operations,Seattle
479,Kayla Costa,Engineer,131944.85,Project3,1981-03-06,Operations,Seattle
492,Danielle Patterson,Engineer,126677.63,Delta,2024-06-19,Operations,Seattle
494,Sheila Rivera,Consultant,140203.58,Omega,2014-01-22,Operations,Seattle
496,Dawn Bradley,Developer,53578.22,Project1,2021-01-04,Operations,Seattle
501,Julie Hamilton,Developer,75420.59,Alpha,1981-10-11,Operations,Seattle
507,Marc Callahan,Analyst,83632.35,Project5,1988-03-17,Operations,Seattle
517,Erin Brown,Analyst,40817.57,Omega,1990-05-30,Operations,Seattle
519,Brian Wright,Manager,91457.51,Project1,1994-11-18,Operations,Seattle
522,Daniel Beck,Engineer,116225.92,Beta,1981-02-25,Operations,Seattle
525,Ian Martinez,Engineer,145229.44,Project4,1999-12-11,Operations,Seattle
531,Kelly Fischer,Consultant,112186.14,Alpha,2022-11-30,Operations,Seattle
535,Marco Kennedy,Engineer,137861.16,Project1,2008-10-29,Operations,Seattle
537,Peter Dodson,Consultant,40878.68,Alpha,2014-07-23,Operations,Seattle
539,Amanda Wade,Analyst,98074.25,Project4,1977-10-08,Operations,Seattle
541,Carrie Buck,Engineer,143004.86,Alpha,2014-09-10,Operations,Seattle
551,Cassie Buckley MD,Developer,70468.86,Project2,1995-11-28,Operations,Seattle
553,Mary Adams,Consultant,111718.65,Gamma,2021-10-08,Operations,Seattle
556,Michael Johnson,Consultant,46793.52,Project5,2018-07-12,Operations,Seattle
557,Elizabeth Cooper,Consultant,92451.02,Delta,2005-09-04,Operations,Seattle
559,Jose Thompson,Consultant,76305.38,Delta,2023-10-08,Operations,Seattle
564,Amy Brandt,Engineer,102462.19,Project5,1976-01-11,Operations,Seattle
571,Thomas Abbott,Consultant,61408.82,Project2,1983-06-13,Operations,Seattle
577,David Miller,Consultant,54311.93,Project1,1971-10-19,Operations,Seattle
584,Melissa Hernandez,Consultant,100542.7,Project5,2015-10-11,Operations,Seattle
585,Jerry Hernandez,Analyst,83323.3,Project6,1984-01-31,Operations,Seattle
586,Mariah Lopez,Engineer,60195.72,Project4,1971-08-16,Operations,Seattle
595,Paige Jackson,Manager,44916.57,Alpha,1985-05-08,Operations,Seattle
604,Kevin Anderson,Manager,126135.82,Project6,2010-05-09,Operations,Seattle
606,Joseph Anderson,Analyst,65657.17,Project2,1979-07-07,Operations,Seattle
613,Elizabeth Jordan,Manager,50426.08,Project6,2019-09-11,Operations,Seattle
614,Diane Cox,Consultant,129806.76,Project4,2014-05-16,Operations,Seattle
615,Katelyn Robinson,Analyst,130098.23,Project6,1986-05-14,Operations,Seattle
637,Jodi Gill,Engineer,121633.7,Project6,2012-01-12,Operations,Seattle
645,Jason Gray,Developer,89006.71,Project3,2002-12-22,Operations,Seattle
647,David Martinez,Analyst,77011.81,Project1,2016-07-18,Operations,Seattle
662,Andrea Nicholson,Analyst,100751.82,Omega,2022-10-04,Operations,Seattle
667,Amanda Anderson,Consultant,105196.53,Project1,2009-02-04,Operations,Seattle
671,Darrell Williams,Manager,70545.68,Beta,1986-11-03,Operations,Seattle
679,Austin Flores,Developer,57972.8,Beta,1990-06-15,Operations,Seattle
689,Randy Graham,Manager,108290.97,Project3,1991-08-04,Operations,Seattle
691,Brandon Smith,Manager,114316.07,Project4,2013-05-25,Operations,Seattle
692,Michael Reyes,Manager,78034.29,Gamma,1975-08-18,Operations,Seattle
695,Jennifer Thomas,Consultant,50902.57,Alpha,2002-09-29,Operations,Seattle
698,Hunter Baker,Consultant,48063.52,Alpha,1970-01-12,Operations,Seattle
703,Lisa Church,Manager,144292.04,Project6,2016-02-29,Operations,Seattle
712,Anna Jensen,Manager,53864.1,Project1,2019-09-21,Operations,Seattle
714,Timothy Gillespie,Engineer,42026.43,Project6,1998-02-02,Operations,Seattle
717,Alan York,Developer,79680.58,Project2,2007-11-13,Operations,Seattle
718,Anthony Garcia,Manager,81385.75,Project2,1995-07-07,Operations,Seattle
730,Nicole Lamb,Consultant,50356.72,Project6,2005-09-22,Operations,Seattle
731,Jennifer Sanders,Consultant,56703.32,Project3,2016-04-11,Operations,Seattle
732,Francisco Munoz,Consultant,135332.76,Gamma,2000-10-02,Operations,Seattle
736,Leon Lynch,Manager,84201.04,Project2,1996-04-25,Operations,Seattle
742,Anthony Gilbert,Developer,135199.98,Project5,1979-07-06,Operations,Seattle
745,Timothy Jones,Developer,51121.74,Omega,1971-05-04,Operations,Seattle
753,Kathleen Duffy,Engineer,57880.4,Beta,1990-03-14,Operations,Seattle
759,Mary Wilson,Consultant,125490.68,Project4,1987-04-11,Operations,Seattle
769,William Duncan,Consultant,83824.14,Project2,1974-09-27,Operations,Seattle
772,Anthony Smith,Analyst,133571.3,Project2,1976-11-17,Operations,Seattle
774,Valerie Harris,Engineer,89840.79,Project6,1996-01-01,Operations,Seattle
778,Samantha Johnson,Developer,112547.5,Project4,2008-09-20,Operations,Seattle
795,Bradley Williams,Consultant,147898.94,Project2,2025-01-07,Operations,Seattle
797,David Byrd,Analyst,116954.14,Project5,2022-11-25,Operations,Seattle
805,Susan Carroll,Consultant,122355.36,Beta,1999-02-08,Operations,Seattle
807,Amanda Matthews,Consultant,48289.24,Gamma,1993-07-31,Operations,Seattle
814,Kerri Coleman,Developer,110322.66,Delta,1992-11-14,Operations,Seattle
819,Debra West,Manager,46499.35,Project5,2024-08-27,Operations,Seattle
820,Adam Gay,Engineer,106328.1,Gamma,1988-04-28,Operations,Seattle
823,Michael Edwards,Engineer,147810.79,Gamma,1992-10-04,Operations,Seattle
831,Jennifer Stafford,Analyst,125411.9,Alpha,1970-04-23,Operations,Seattle
838,Kimberly Burke,Consultant,108904.89,Beta,2003-06-26,Operations,Seattle
844,Jessica Simmons,Consultant,105733.39,Project6,1982-09-11,Operations,Seattle
845,Linda Moore,Manager,122547.27,Project1,1973-12-01,Operations,Seattle
847,Julie Morris,Manager,94623.21,Project1,2012-08-11,Operations,Seattle
848,Kelly Brown,Developer,53751.29,Alpha,2012-11-02,Operations,Seattle
853,Mary Johnson,Manager,56131.01,Project3,2024-05-14,Operations,Seattle
857,Cheryl Potter,Manager,95615.73,Project2,1975-02-24,Operations,Seattle
858,Alexis Wolfe,Analyst,139992.92,Project3,2016-07-29,Operations,Seattle
861,Kristen Kim,Engineer,48656.05,Project1,1989-04-02,Operations,Seattle
865,Thomas Fisher,Consultant,114202.9,Gamma,2013-05-09,Operations,Seattle
872,Eric Davis,Developer,147073.71,Gamma,2010-11-10,Operations,Seattle
873,Samuel Nicholson DDS,Analyst,111423.44,Beta,1979-08-20,Operations,Seattle
880,Ashley Olson,Consultant,74882.23,Delta,2021-02-25,Operations,Seattle
883,Daniel Smith,Engineer,61645.51,Project2,1974-01-28,Operations,Seattle
884,David Mason,Engineer,137379.86,Omega,1991-07-04,Operations,Seattle
885,Jane Jackson,Engineer,130421.74,Project1,1996-01-27,Operations,Seattle
889,Ruth Singh,Consultant,93910.01,Delta,1982-01-23,Operations,Seattle
890,Taylor Hart,Engineer,97095.52,Project6,1972-03-04,Operations,Seattle
891,Laura Wilson,Developer,66219.36,Beta,1984-02-10,Operations,Seattle
892,Kelly Kelly,Consultant,80243.56,Project6,1992-06-23,Operations,Seattle
893,Stephanie Yoder,Developer,49180.46,Project2,2005-07-08,Operations,Seattle
896,Emily Williams,Developer,45133.75,Delta,1998-01-21,Operations,Seattle
901,Melissa Garcia,Analyst,106878.22,Project2,1976-05-09,Operations,Seattle
902,Jeffrey Clark,Analyst,43504.67,Gamma,2020-08-01,Operations,Seattle
912,Antonio Santos,Engineer,143461.42,Project4,2024-07-25,Operations,Seattle
914,Bryan Mitchell,Developer,118053.38,Gamma,1992-11-09,Operations,Seattle
925,Melanie Craig,Developer,144365.79,Project2,1977-04-28,Operations,Seattle
939,Amanda Clark,Consultant,73452.2,Delta,1990-12-05,Operations,Seattle
946,Sara Nichols,Consultant,138632.68,Project3,1972-01-07,Operations,Seattle
948,Michelle Combs,Analyst,122157.63,Project6,2010-04-07,Operations,Seattle
953,Kevin Walters,Manager,130651.47,Delta,2010-05-12,Operations,Seattle
955,Steven Hart,Analyst,79580.74,Gamma,1978-12-25,Operations,Seattle
960,Melinda Peters,Manager,61348.41,Project3,1983-02-23,Operations,Seattle
966,George Taylor,Consultant,72515.97,Project3,2018-05-03,Operations,Seattle
972,Megan Gonzalez,Manager,57959.97,Project4,1986-07-26,Operations,Seattle
973,Daniel Villegas,Developer,70001.13,Alpha,1984-11-14,Operations,Seattle
978,Michael Sanders,Consultant,61294.53,Alpha,1999-02-04,Operations,Seattle
982,Donna Knapp,Developer,94017.81,Beta,1998-06-30,Operations,Seattle
983,Elizabeth Stein,Consultant,53533.34,Delta,2013-03-22,Operations,Seattle
995,Ryan West,Consultant,58933.28,Project1,1990-08-19,Operations,Seattle
1000,Mr. Kenneth Thomas II,Analyst,69599.09,Project5,1982-01-04,Operations,Seattle
